,Category,Id
0,0,bathroom_1.jpg
1,0,bathroom_2.jpg
2,0,bathroom_3.jpg
3,0,bathroom_4.jpg
4,0,bathroom_5.jpg
5,0,bathroom_6.jpg
6,0,bathroom_7.jpg
7,0,bathroom_8.jpg
8,0,bathroom_9.jpg
9,0,bathroom_10.jpg
10,0,bathroom_11.jpg
11,0,bathroom_12.jpg
12,0,bathroom_13.jpg
13,0,bathroom_14.jpg
14,0,bathroom_15.jpg
15,0,bathroom_16.jpg
16,0,bathroom_17.jpg
17,0,bathroom_18.jpg
18,0,bathroom_19.jpg
19,0,bathroom_20.jpg
20,0,bathroom_21.jpg
21,0,bathroom_22.jpg
22,0,bathroom_23.jpg
23,0,bathroom_24.jpg
24,0,bathroom_25.jpg
25,0,bathroom_26.jpg
26,0,bathroom_27.jpg
27,0,bathroom_28.jpg
28,0,bathroom_29.jpg
29,0,bathroom_30.jpg
30,0,bathroom_31.jpg
31,0,bathroom_32.jpg
32,0,bathroom_33.jpg
33,0,bathroom_34.jpg
34,0,bathroom_35.jpg
35,0,bathroom_36.jpg
36,0,bathroom_37.jpg
37,0,bathroom_38.jpg
38,0,bathroom_39.jpg
39,0,bathroom_40.jpg
40,0,bathroom_41.jpg
41,0,bathroom_42.jpg
42,0,bathroom_43.jpg
43,0,bathroom_44.jpg
44,0,bathroom_45.jpg
45,0,bathroom_46.jpg
46,0,bathroom_47.jpg
47,0,bathroom_48.jpg
48,0,bathroom_49.jpg
49,0,bathroom_50.jpg
50,0,bathroom_51.jpg
51,0,bathroom_52.jpg
52,0,bathroom_53.jpg
53,0,bathroom_54.jpg
54,0,bathroom_55.jpg
55,0,bathroom_56.jpg
56,0,bathroom_57.jpg
57,0,bathroom_58.jpg
58,0,bathroom_59.jpg
59,0,bathroom_60.jpg
60,0,bathroom_61.jpg
61,0,bathroom_62.jpg
62,0,bathroom_63.jpg
63,0,bathroom_64.jpg
64,0,bathroom_65.jpg
65,0,bathroom_66.jpg
66,0,bathroom_67.jpg
67,0,bathroom_68.jpg
68,0,bathroom_69.jpg
69,0,bathroom_70.jpg
70,0,bathroom_71.jpg
71,0,bathroom_72.jpg
72,0,bathroom_73.jpg
73,0,bathroom_74.jpg
74,0,bathroom_75.jpg
75,0,bathroom_76.jpg
76,0,bathroom_77.jpg
77,0,bathroom_78.jpg
78,0,bathroom_79.jpg
79,0,bathroom_80.jpg
80,0,bathroom_81.jpg
81,0,bathroom_82.jpg
82,0,bathroom_83.jpg
83,0,bathroom_84.jpg
84,0,bathroom_85.jpg
85,0,bathroom_86.jpg
86,0,bathroom_87.jpg
87,0,bathroom_88.jpg
88,0,bathroom_89.jpg
89,0,bathroom_90.jpg
90,0,bathroom_91.jpg
91,0,bathroom_92.jpg
92,0,bathroom_93.jpg
93,0,bathroom_94.jpg
94,0,bathroom_95.jpg
95,0,bathroom_96.jpg
96,0,bathroom_97.jpg
97,0,bathroom_98.jpg
98,0,bathroom_99.jpg
99,0,bathroom_100.jpg
100,0,bathroom_101.jpg
101,0,bathroom_102.jpg
102,0,bathroom_103.jpg
103,0,bathroom_104.jpg
104,0,bathroom_105.jpg
105,0,bathroom_106.jpg
106,0,bathroom_107.jpg
107,0,bathroom_108.jpg
108,0,bathroom_109.jpg
109,0,bathroom_110.jpg
110,0,bathroom_111.jpg
111,0,bathroom_112.jpg
112,0,bathroom_113.jpg
113,0,bathroom_114.jpg
114,0,bathroom_115.jpg
115,0,bathroom_116.jpg
116,0,bathroom_117.jpg
117,0,bathroom_118.jpg
118,0,bathroom_119.jpg
119,0,bathroom_120.jpg
120,0,bathroom_121.jpg
121,0,bathroom_122.jpg
122,0,bathroom_123.jpg
123,0,bathroom_124.jpg
124,0,bathroom_125.jpg
125,0,bathroom_126.jpg
126,0,bathroom_127.jpg
127,0,bathroom_128.jpg
128,0,bathroom_129.jpg
129,0,bathroom_130.jpg
130,0,bathroom_131.jpg
131,0,bathroom_132.jpg
132,0,bathroom_133.jpg
133,0,bathroom_134.jpg
134,0,bathroom_135.jpg
135,0,bathroom_136.jpg
136,0,bathroom_137.jpg
137,0,bathroom_138.jpg
138,0,bathroom_139.jpg
139,0,bathroom_140.jpg
140,0,bathroom_141.jpg
141,0,bathroom_142.jpg
142,0,bathroom_143.jpg
143,0,bathroom_144.jpg
144,0,bathroom_145.jpg
145,0,bathroom_146.jpg
146,0,bathroom_147.jpg
147,0,bathroom_148.jpg
148,0,bathroom_149.jpg
149,0,bathroom_150.jpg
150,0,bathroom_151.jpg
151,0,bathroom_152.jpg
152,0,bathroom_153.jpg
153,0,bathroom_154.jpg
154,0,bathroom_155.jpg
155,0,bathroom_156.jpg
156,0,bathroom_157.jpg
157,0,bathroom_158.jpg
158,0,bathroom_159.jpg
159,0,bathroom_160.jpg
160,0,bathroom_161.jpg
161,0,bathroom_162.jpg
162,0,bathroom_163.jpg
163,0,bathroom_164.jpg
164,0,bathroom_165.jpg
165,0,bathroom_166.jpg
166,0,bathroom_167.jpg
167,0,bathroom_168.jpg
168,0,bathroom_169.jpg
169,0,bathroom_170.jpg
170,0,bathroom_171.jpg
171,0,bathroom_172.jpg
172,0,bathroom_173.jpg
173,0,bathroom_174.jpg
174,0,bathroom_175.jpg
175,0,bathroom_176.jpg
176,0,bathroom_177.jpg
177,0,bathroom_178.jpg
178,0,bathroom_179.jpg
179,0,bathroom_180.jpg
180,0,bathroom_181.jpg
181,0,bathroom_182.jpg
182,0,bathroom_183.jpg
183,0,bathroom_184.jpg
184,0,bathroom_185.jpg
185,0,bathroom_186.jpg
186,0,bathroom_187.jpg
187,0,bathroom_188.jpg
188,0,bathroom_189.jpg
189,0,bathroom_190.jpg
190,0,bathroom_191.jpg
191,0,bathroom_192.jpg
192,0,bathroom_193.jpg
193,0,bathroom_194.jpg
194,0,bathroom_195.jpg
195,0,bathroom_196.jpg
196,0,bathroom_197.jpg
197,1,bedroom_1.jpg
198,1,bedroom_2.jpg
199,1,bedroom_3.jpg
200,1,bedroom_4.jpg
201,1,bedroom_5.jpg
202,1,bedroom_6.jpg
203,1,bedroom_7.jpg
204,1,bedroom_8.jpg
205,1,bedroom_9.jpg
206,1,bedroom_10.jpg
207,1,bedroom_11.jpg
208,1,bedroom_12.jpg
209,1,bedroom_13.jpg
210,1,bedroom_14.jpg
211,1,bedroom_15.jpg
212,1,bedroom_16.jpg
213,1,bedroom_17.jpg
214,1,bedroom_18.jpg
215,1,bedroom_19.jpg
216,1,bedroom_20.jpg
217,1,bedroom_21.jpg
218,1,bedroom_22.jpg
219,1,bedroom_23.jpg
220,1,bedroom_24.jpg
221,1,bedroom_25.jpg
222,1,bedroom_26.jpg
223,1,bedroom_27.jpg
224,1,bedroom_28.jpg
225,1,bedroom_29.jpg
226,1,bedroom_30.jpg
227,1,bedroom_31.jpg
228,1,bedroom_32.jpg
229,1,bedroom_33.jpg
230,1,bedroom_34.jpg
231,1,bedroom_35.jpg
232,1,bedroom_36.jpg
233,1,bedroom_37.jpg
234,1,bedroom_38.jpg
235,1,bedroom_39.jpg
236,1,bedroom_40.jpg
237,1,bedroom_41.jpg
238,1,bedroom_42.jpg
239,1,bedroom_43.jpg
240,1,bedroom_44.jpg
241,1,bedroom_45.jpg
242,1,bedroom_46.jpg
243,1,bedroom_47.jpg
244,1,bedroom_48.jpg
245,1,bedroom_49.jpg
246,1,bedroom_50.jpg
247,1,bedroom_51.jpg
248,1,bedroom_52.jpg
249,1,bedroom_53.jpg
250,1,bedroom_54.jpg
251,1,bedroom_55.jpg
252,1,bedroom_56.jpg
253,1,bedroom_57.jpg
254,1,bedroom_58.jpg
255,1,bedroom_59.jpg
256,1,bedroom_60.jpg
257,1,bedroom_61.jpg
258,1,bedroom_62.jpg
259,1,bedroom_63.jpg
260,1,bedroom_64.jpg
261,1,bedroom_65.jpg
262,1,bedroom_66.jpg
263,1,bedroom_67.jpg
264,1,bedroom_68.jpg
265,1,bedroom_69.jpg
266,1,bedroom_70.jpg
267,1,bedroom_71.jpg
268,1,bedroom_72.jpg
269,1,bedroom_73.jpg
270,1,bedroom_74.jpg
271,1,bedroom_75.jpg
272,1,bedroom_76.jpg
273,1,bedroom_77.jpg
274,1,bedroom_78.jpg
275,1,bedroom_79.jpg
276,1,bedroom_80.jpg
277,1,bedroom_81.jpg
278,1,bedroom_82.jpg
279,1,bedroom_83.jpg
280,1,bedroom_84.jpg
281,1,bedroom_85.jpg
282,1,bedroom_86.jpg
283,1,bedroom_87.jpg
284,1,bedroom_88.jpg
285,1,bedroom_89.jpg
286,1,bedroom_90.jpg
287,1,bedroom_91.jpg
288,1,bedroom_92.jpg
289,1,bedroom_93.jpg
290,1,bedroom_94.jpg
291,1,bedroom_95.jpg
292,1,bedroom_96.jpg
293,1,bedroom_97.jpg
294,1,bedroom_98.jpg
295,1,bedroom_99.jpg
296,1,bedroom_100.jpg
297,1,bedroom_101.jpg
298,1,bedroom_102.jpg
299,1,bedroom_103.jpg
300,1,bedroom_104.jpg
301,1,bedroom_105.jpg
302,1,bedroom_106.jpg
303,1,bedroom_107.jpg
304,1,bedroom_108.jpg
305,1,bedroom_109.jpg
306,1,bedroom_110.jpg
307,1,bedroom_111.jpg
308,1,bedroom_112.jpg
309,1,bedroom_113.jpg
310,1,bedroom_114.jpg
311,1,bedroom_115.jpg
312,1,bedroom_116.jpg
313,1,bedroom_117.jpg
314,1,bedroom_118.jpg
315,1,bedroom_119.jpg
316,1,bedroom_120.jpg
317,1,bedroom_121.jpg
318,1,bedroom_122.jpg
319,1,bedroom_123.jpg
320,1,bedroom_124.jpg
321,1,bedroom_125.jpg
322,1,bedroom_126.jpg
323,1,bedroom_127.jpg
324,1,bedroom_128.jpg
325,1,bedroom_129.jpg
326,1,bedroom_130.jpg
327,1,bedroom_131.jpg
328,1,bedroom_132.jpg
329,1,bedroom_133.jpg
330,1,bedroom_134.jpg
331,1,bedroom_135.jpg
332,1,bedroom_136.jpg
333,1,bedroom_137.jpg
334,1,bedroom_138.jpg
335,1,bedroom_139.jpg
336,1,bedroom_140.jpg
337,1,bedroom_141.jpg
338,1,bedroom_142.jpg
339,1,bedroom_143.jpg
340,1,bedroom_144.jpg
341,1,bedroom_145.jpg
342,1,bedroom_146.jpg
343,1,bedroom_147.jpg
344,1,bedroom_148.jpg
345,1,bedroom_149.jpg
346,1,bedroom_150.jpg
347,1,bedroom_151.jpg
348,1,bedroom_152.jpg
349,1,bedroom_153.jpg
350,1,bedroom_154.jpg
351,1,bedroom_155.jpg
352,1,bedroom_156.jpg
353,1,bedroom_157.jpg
354,1,bedroom_158.jpg
355,1,bedroom_159.jpg
356,1,bedroom_160.jpg
357,1,bedroom_161.jpg
358,1,bedroom_162.jpg
359,1,bedroom_163.jpg
360,1,bedroom_164.jpg
361,1,bedroom_165.jpg
362,1,bedroom_166.jpg
363,1,bedroom_167.jpg
364,1,bedroom_168.jpg
365,1,bedroom_169.jpg
366,1,bedroom_170.jpg
367,1,bedroom_171.jpg
368,1,bedroom_172.jpg
369,1,bedroom_173.jpg
370,1,bedroom_174.jpg
371,1,bedroom_175.jpg
372,1,bedroom_176.jpg
373,1,bedroom_177.jpg
374,1,bedroom_178.jpg
375,1,bedroom_179.jpg
376,1,bedroom_180.jpg
377,1,bedroom_181.jpg
378,1,bedroom_182.jpg
379,1,bedroom_183.jpg
380,1,bedroom_184.jpg
381,1,bedroom_185.jpg
382,1,bedroom_186.jpg
383,1,bedroom_187.jpg
384,1,bedroom_188.jpg
385,1,bedroom_189.jpg
386,1,bedroom_190.jpg
387,1,bedroom_191.jpg
388,1,bedroom_192.jpg
389,1,bedroom_193.jpg
390,1,bedroom_194.jpg
391,1,bedroom_195.jpg
392,1,bedroom_196.jpg
393,1,bedroom_197.jpg
394,1,bedroom_198.jpg
395,1,bedroom_199.jpg
396,1,bedroom_200.jpg
397,1,bedroom_201.jpg
398,1,bedroom_202.jpg
399,1,bedroom_203.jpg
400,1,bedroom_204.jpg
401,1,bedroom_205.jpg
402,1,bedroom_206.jpg
403,1,bedroom_207.jpg
404,1,bedroom_208.jpg
405,1,bedroom_209.jpg
406,1,bedroom_210.jpg
407,1,bedroom_211.jpg
408,1,bedroom_212.jpg
409,1,bedroom_213.jpg
410,1,bedroom_214.jpg
411,1,bedroom_215.jpg
412,1,bedroom_216.jpg
413,1,bedroom_217.jpg
414,1,bedroom_218.jpg
415,1,bedroom_219.jpg
416,1,bedroom_220.jpg
417,1,bedroom_221.jpg
418,1,bedroom_222.jpg
419,1,bedroom_223.jpg
420,1,bedroom_224.jpg
421,1,bedroom_225.jpg
422,1,bedroom_226.jpg
423,1,bedroom_227.jpg
424,1,bedroom_228.jpg
425,1,bedroom_229.jpg
426,1,bedroom_230.jpg
427,1,bedroom_231.jpg
428,1,bedroom_232.jpg
429,1,bedroom_233.jpg
430,1,bedroom_234.jpg
431,1,bedroom_235.jpg
432,1,bedroom_236.jpg
433,1,bedroom_237.jpg
434,1,bedroom_238.jpg
435,1,bedroom_239.jpg
436,1,bedroom_240.jpg
437,1,bedroom_241.jpg
438,1,bedroom_242.jpg
439,1,bedroom_243.jpg
440,1,bedroom_244.jpg
441,1,bedroom_245.jpg
442,1,bedroom_246.jpg
443,1,bedroom_247.jpg
444,1,bedroom_248.jpg
445,1,bedroom_249.jpg
446,1,bedroom_250.jpg
447,1,bedroom_251.jpg
448,1,bedroom_252.jpg
449,1,bedroom_253.jpg
450,1,bedroom_254.jpg
451,1,bedroom_255.jpg
452,1,bedroom_256.jpg
453,1,bedroom_257.jpg
454,1,bedroom_258.jpg
455,1,bedroom_259.jpg
456,1,bedroom_260.jpg
457,1,bedroom_261.jpg
458,1,bedroom_262.jpg
459,1,bedroom_263.jpg
460,1,bedroom_264.jpg
461,1,bedroom_265.jpg
462,1,bedroom_266.jpg
463,1,bedroom_267.jpg
464,1,bedroom_268.jpg
465,1,bedroom_269.jpg
466,1,bedroom_270.jpg
467,1,bedroom_271.jpg
468,1,bedroom_272.jpg
469,1,bedroom_273.jpg
470,1,bedroom_274.jpg
471,1,bedroom_275.jpg
472,1,bedroom_276.jpg
473,1,bedroom_277.jpg
474,1,bedroom_278.jpg
475,1,bedroom_279.jpg
476,1,bedroom_280.jpg
477,1,bedroom_281.jpg
478,1,bedroom_282.jpg
479,1,bedroom_283.jpg
480,1,bedroom_284.jpg
481,1,bedroom_285.jpg
482,1,bedroom_286.jpg
483,1,bedroom_287.jpg
484,1,bedroom_288.jpg
485,1,bedroom_289.jpg
486,1,bedroom_290.jpg
487,1,bedroom_291.jpg
488,1,bedroom_292.jpg
489,1,bedroom_293.jpg
490,1,bedroom_294.jpg
491,1,bedroom_295.jpg
492,1,bedroom_296.jpg
493,1,bedroom_297.jpg
494,1,bedroom_298.jpg
495,1,bedroom_299.jpg
496,1,bedroom_300.jpg
497,1,bedroom_301.jpg
498,1,bedroom_302.jpg
499,1,bedroom_303.jpg
500,1,bedroom_304.jpg
501,1,bedroom_305.jpg
502,1,bedroom_306.jpg
503,1,bedroom_307.jpg
504,1,bedroom_308.jpg
505,1,bedroom_309.jpg
506,1,bedroom_310.jpg
507,1,bedroom_311.jpg
508,1,bedroom_312.jpg
509,1,bedroom_313.jpg
510,1,bedroom_314.jpg
511,1,bedroom_315.jpg
512,1,bedroom_316.jpg
513,1,bedroom_317.jpg
514,1,bedroom_318.jpg
515,1,bedroom_319.jpg
516,1,bedroom_320.jpg
517,1,bedroom_321.jpg
518,1,bedroom_322.jpg
519,1,bedroom_323.jpg
520,1,bedroom_324.jpg
521,1,bedroom_325.jpg
522,1,bedroom_326.jpg
523,1,bedroom_327.jpg
524,1,bedroom_328.jpg
525,1,bedroom_329.jpg
526,1,bedroom_330.jpg
527,1,bedroom_331.jpg
528,1,bedroom_332.jpg
529,1,bedroom_333.jpg
530,1,bedroom_334.jpg
531,1,bedroom_335.jpg
532,1,bedroom_336.jpg
533,1,bedroom_337.jpg
534,1,bedroom_338.jpg
535,1,bedroom_339.jpg
536,1,bedroom_340.jpg
537,1,bedroom_341.jpg
538,1,bedroom_342.jpg
539,1,bedroom_343.jpg
540,1,bedroom_344.jpg
541,1,bedroom_345.jpg
542,1,bedroom_346.jpg
543,1,bedroom_347.jpg
544,1,bedroom_348.jpg
545,1,bedroom_349.jpg
546,1,bedroom_350.jpg
547,1,bedroom_351.jpg
548,1,bedroom_352.jpg
549,1,bedroom_353.jpg
550,1,bedroom_354.jpg
551,1,bedroom_355.jpg
552,1,bedroom_356.jpg
553,1,bedroom_357.jpg
554,1,bedroom_358.jpg
555,1,bedroom_359.jpg
556,1,bedroom_360.jpg
557,1,bedroom_361.jpg
558,1,bedroom_362.jpg
559,1,bedroom_363.jpg
560,1,bedroom_364.jpg
561,1,bedroom_365.jpg
562,1,bedroom_366.jpg
563,1,bedroom_367.jpg
564,1,bedroom_368.jpg
565,1,bedroom_369.jpg
566,1,bedroom_370.jpg
567,1,bedroom_371.jpg
568,1,bedroom_372.jpg
569,1,bedroom_373.jpg
570,1,bedroom_374.jpg
571,1,bedroom_375.jpg
572,1,bedroom_376.jpg
573,1,bedroom_377.jpg
574,1,bedroom_378.jpg
575,1,bedroom_379.jpg
576,1,bedroom_380.jpg
577,1,bedroom_381.jpg
578,1,bedroom_382.jpg
579,1,bedroom_383.jpg
580,1,bedroom_384.jpg
581,1,bedroom_385.jpg
582,1,bedroom_386.jpg
583,1,bedroom_387.jpg
584,1,bedroom_388.jpg
585,1,bedroom_389.jpg
586,1,bedroom_390.jpg
587,1,bedroom_391.jpg
588,1,bedroom_392.jpg
589,1,bedroom_393.jpg
590,1,bedroom_394.jpg
591,1,bedroom_395.jpg
592,1,bedroom_396.jpg
593,1,bedroom_397.jpg
594,1,bedroom_398.jpg
595,1,bedroom_399.jpg
596,1,bedroom_400.jpg
597,1,bedroom_401.jpg
598,1,bedroom_402.jpg
599,1,bedroom_403.jpg
600,1,bedroom_404.jpg
601,1,bedroom_405.jpg
602,1,bedroom_406.jpg
603,1,bedroom_407.jpg
604,1,bedroom_408.jpg
605,1,bedroom_409.jpg
606,1,bedroom_410.jpg
607,1,bedroom_411.jpg
608,1,bedroom_412.jpg
609,1,bedroom_413.jpg
610,1,bedroom_414.jpg
611,1,bedroom_415.jpg
612,1,bedroom_416.jpg
613,1,bedroom_417.jpg
614,1,bedroom_418.jpg
615,1,bedroom_419.jpg
616,1,bedroom_420.jpg
617,1,bedroom_421.jpg
618,1,bedroom_422.jpg
619,1,bedroom_423.jpg
620,1,bedroom_424.jpg
621,1,bedroom_425.jpg
622,1,bedroom_426.jpg
623,1,bedroom_427.jpg
624,1,bedroom_428.jpg
625,1,bedroom_429.jpg
626,1,bedroom_430.jpg
627,1,bedroom_431.jpg
628,1,bedroom_432.jpg
629,1,bedroom_433.jpg
630,1,bedroom_434.jpg
631,1,bedroom_435.jpg
632,1,bedroom_436.jpg
633,1,bedroom_437.jpg
634,1,bedroom_438.jpg
635,1,bedroom_439.jpg
636,1,bedroom_440.jpg
637,1,bedroom_441.jpg
638,1,bedroom_442.jpg
639,1,bedroom_443.jpg
640,1,bedroom_444.jpg
641,1,bedroom_445.jpg
642,1,bedroom_446.jpg
643,1,bedroom_447.jpg
644,1,bedroom_448.jpg
645,1,bedroom_449.jpg
646,1,bedroom_450.jpg
647,1,bedroom_451.jpg
648,1,bedroom_452.jpg
649,1,bedroom_453.jpg
650,1,bedroom_454.jpg
651,1,bedroom_455.jpg
652,1,bedroom_456.jpg
653,1,bedroom_457.jpg
654,1,bedroom_458.jpg
655,1,bedroom_459.jpg
656,1,bedroom_460.jpg
657,1,bedroom_461.jpg
658,1,bedroom_462.jpg
659,1,bedroom_463.jpg
660,1,bedroom_464.jpg
661,1,bedroom_465.jpg
662,1,bedroom_466.jpg
663,1,bedroom_467.jpg
664,1,bedroom_468.jpg
665,1,bedroom_469.jpg
666,1,bedroom_470.jpg
667,1,bedroom_471.jpg
668,1,bedroom_472.jpg
669,1,bedroom_473.jpg
670,1,bedroom_474.jpg
671,1,bedroom_475.jpg
672,1,bedroom_476.jpg
673,1,bedroom_477.jpg
674,1,bedroom_478.jpg
675,1,bedroom_479.jpg
676,1,bedroom_480.jpg
677,1,bedroom_481.jpg
678,1,bedroom_482.jpg
679,1,bedroom_483.jpg
680,1,bedroom_484.jpg
681,1,bedroom_485.jpg
682,1,bedroom_486.jpg
683,1,bedroom_487.jpg
684,1,bedroom_488.jpg
685,1,bedroom_489.jpg
686,1,bedroom_490.jpg
687,1,bedroom_491.jpg
688,1,bedroom_492.jpg
689,1,bedroom_493.jpg
690,1,bedroom_494.jpg
691,1,bedroom_495.jpg
692,1,bedroom_496.jpg
693,1,bedroom_497.jpg
694,1,bedroom_498.jpg
695,1,bedroom_499.jpg
696,1,bedroom_500.jpg
697,1,bedroom_501.jpg
698,1,bedroom_502.jpg
699,1,bedroom_503.jpg
700,1,bedroom_504.jpg
701,1,bedroom_505.jpg
702,1,bedroom_506.jpg
703,1,bedroom_507.jpg
704,1,bedroom_508.jpg
705,1,bedroom_509.jpg
706,1,bedroom_510.jpg
707,1,bedroom_511.jpg
708,1,bedroom_512.jpg
709,1,bedroom_513.jpg
710,1,bedroom_514.jpg
711,1,bedroom_515.jpg
712,1,bedroom_516.jpg
713,1,bedroom_517.jpg
714,1,bedroom_518.jpg
715,1,bedroom_519.jpg
716,1,bedroom_520.jpg
717,1,bedroom_521.jpg
718,1,bedroom_522.jpg
719,1,bedroom_523.jpg
720,1,bedroom_524.jpg
721,1,bedroom_525.jpg
722,1,bedroom_526.jpg
723,1,bedroom_527.jpg
724,1,bedroom_528.jpg
725,1,bedroom_529.jpg
726,1,bedroom_530.jpg
727,1,bedroom_531.jpg
728,1,bedroom_532.jpg
729,1,bedroom_533.jpg
730,1,bedroom_534.jpg
731,1,bedroom_535.jpg
732,1,bedroom_536.jpg
733,1,bedroom_537.jpg
734,1,bedroom_538.jpg
735,1,bedroom_539.jpg
736,1,bedroom_540.jpg
737,1,bedroom_541.jpg
738,1,bedroom_542.jpg
739,1,bedroom_543.jpg
740,1,bedroom_544.jpg
741,1,bedroom_545.jpg
742,1,bedroom_546.jpg
743,1,bedroom_547.jpg
744,1,bedroom_548.jpg
745,1,bedroom_549.jpg
746,1,bedroom_550.jpg
747,1,bedroom_551.jpg
748,1,bedroom_552.jpg
749,1,bedroom_553.jpg
750,1,bedroom_554.jpg
751,1,bedroom_555.jpg
752,1,bedroom_556.jpg
753,1,bedroom_557.jpg
754,1,bedroom_558.jpg
755,1,bedroom_559.jpg
756,1,bedroom_560.jpg
757,1,bedroom_561.jpg
758,1,bedroom_562.jpg
759,1,bedroom_563.jpg
760,1,bedroom_564.jpg
761,1,bedroom_565.jpg
762,1,bedroom_566.jpg
763,1,bedroom_567.jpg
764,1,bedroom_568.jpg
765,1,bedroom_569.jpg
766,1,bedroom_570.jpg
767,1,bedroom_571.jpg
768,1,bedroom_572.jpg
769,1,bedroom_573.jpg
770,1,bedroom_574.jpg
771,1,bedroom_575.jpg
772,1,bedroom_576.jpg
773,1,bedroom_577.jpg
774,1,bedroom_578.jpg
775,1,bedroom_579.jpg
776,1,bedroom_580.jpg
777,1,bedroom_581.jpg
778,1,bedroom_582.jpg
779,1,bedroom_583.jpg
780,1,bedroom_584.jpg
781,1,bedroom_585.jpg
782,1,bedroom_586.jpg
783,1,bedroom_587.jpg
784,1,bedroom_588.jpg
785,1,bedroom_589.jpg
786,1,bedroom_590.jpg
787,1,bedroom_591.jpg
788,1,bedroom_592.jpg
789,1,bedroom_593.jpg
790,1,bedroom_594.jpg
791,1,bedroom_595.jpg
792,1,bedroom_596.jpg
793,1,bedroom_597.jpg
794,1,bedroom_598.jpg
795,1,bedroom_599.jpg
796,1,bedroom_600.jpg
797,1,bedroom_601.jpg
798,1,bedroom_602.jpg
799,1,bedroom_603.jpg
800,1,bedroom_604.jpg
801,1,bedroom_605.jpg
802,1,bedroom_606.jpg
803,1,bedroom_607.jpg
804,1,bedroom_608.jpg
805,1,bedroom_609.jpg
806,1,bedroom_610.jpg
807,1,bedroom_611.jpg
808,1,bedroom_612.jpg
809,1,bedroom_613.jpg
810,1,bedroom_614.jpg
811,1,bedroom_615.jpg
812,1,bedroom_616.jpg
813,1,bedroom_617.jpg
814,1,bedroom_618.jpg
815,1,bedroom_619.jpg
816,1,bedroom_620.jpg
817,1,bedroom_621.jpg
818,1,bedroom_622.jpg
819,1,bedroom_623.jpg
820,1,bedroom_624.jpg
821,1,bedroom_625.jpg
822,1,bedroom_626.jpg
823,1,bedroom_627.jpg
824,1,bedroom_628.jpg
825,1,bedroom_629.jpg
826,1,bedroom_630.jpg
827,1,bedroom_631.jpg
828,1,bedroom_632.jpg
829,1,bedroom_633.jpg
830,1,bedroom_634.jpg
831,1,bedroom_635.jpg
832,1,bedroom_636.jpg
833,1,bedroom_637.jpg
834,1,bedroom_638.jpg
835,1,bedroom_639.jpg
836,1,bedroom_640.jpg
837,1,bedroom_641.jpg
838,1,bedroom_642.jpg
839,1,bedroom_643.jpg
840,1,bedroom_644.jpg
841,1,bedroom_645.jpg
842,1,bedroom_646.jpg
843,1,bedroom_647.jpg
844,1,bedroom_648.jpg
845,1,bedroom_649.jpg
846,1,bedroom_650.jpg
847,1,bedroom_651.jpg
848,1,bedroom_652.jpg
849,1,bedroom_653.jpg
850,1,bedroom_654.jpg
851,1,bedroom_655.jpg
852,1,bedroom_656.jpg
853,1,bedroom_657.jpg
854,1,bedroom_658.jpg
855,1,bedroom_659.jpg
856,1,bedroom_660.jpg
857,1,bedroom_661.jpg
858,1,bedroom_662.jpg
859,2,corridor_1.jpg
860,2,corridor_2.jpg
861,2,corridor_3.jpg
862,2,corridor_4.jpg
863,2,corridor_5.jpg
864,2,corridor_6.jpg
865,2,corridor_7.jpg
866,2,corridor_8.jpg
867,2,corridor_9.jpg
868,2,corridor_10.jpg
869,2,corridor_11.jpg
870,2,corridor_12.jpg
871,2,corridor_13.jpg
872,2,corridor_14.jpg
873,2,corridor_15.jpg
874,2,corridor_16.jpg
875,2,corridor_17.jpg
876,2,corridor_18.jpg
877,2,corridor_19.jpg
878,2,corridor_20.jpg
879,2,corridor_21.jpg
880,2,corridor_22.jpg
881,2,corridor_23.jpg
882,2,corridor_24.jpg
883,2,corridor_25.jpg
884,2,corridor_26.jpg
885,2,corridor_27.jpg
886,2,corridor_28.jpg
887,2,corridor_29.jpg
888,2,corridor_30.jpg
889,2,corridor_31.jpg
890,2,corridor_32.jpg
891,2,corridor_33.jpg
892,2,corridor_34.jpg
893,2,corridor_35.jpg
894,2,corridor_36.jpg
895,2,corridor_37.jpg
896,2,corridor_38.jpg
897,2,corridor_39.jpg
898,2,corridor_40.jpg
899,2,corridor_41.jpg
900,2,corridor_42.jpg
901,2,corridor_43.jpg
902,2,corridor_44.jpg
903,2,corridor_45.jpg
904,2,corridor_46.jpg
905,2,corridor_47.jpg
906,2,corridor_48.jpg
907,2,corridor_49.jpg
908,2,corridor_50.jpg
909,2,corridor_51.jpg
910,2,corridor_52.jpg
911,2,corridor_53.jpg
912,2,corridor_54.jpg
913,2,corridor_55.jpg
914,2,corridor_56.jpg
915,2,corridor_57.jpg
916,2,corridor_58.jpg
917,2,corridor_59.jpg
918,2,corridor_60.jpg
919,2,corridor_61.jpg
920,2,corridor_62.jpg
921,2,corridor_63.jpg
922,2,corridor_64.jpg
923,2,corridor_65.jpg
924,2,corridor_66.jpg
925,2,corridor_67.jpg
926,2,corridor_68.jpg
927,2,corridor_69.jpg
928,2,corridor_70.jpg
929,2,corridor_71.jpg
930,2,corridor_72.jpg
931,2,corridor_73.jpg
932,2,corridor_74.jpg
933,2,corridor_75.jpg
934,2,corridor_76.jpg
935,2,corridor_77.jpg
936,2,corridor_78.jpg
937,2,corridor_79.jpg
938,2,corridor_80.jpg
939,2,corridor_81.jpg
940,2,corridor_82.jpg
941,2,corridor_83.jpg
942,2,corridor_84.jpg
943,2,corridor_85.jpg
944,2,corridor_86.jpg
945,2,corridor_87.jpg
946,2,corridor_88.jpg
947,2,corridor_89.jpg
948,2,corridor_90.jpg
949,2,corridor_91.jpg
950,2,corridor_92.jpg
951,2,corridor_93.jpg
952,2,corridor_94.jpg
953,2,corridor_95.jpg
954,2,corridor_96.jpg
955,2,corridor_97.jpg
956,2,corridor_98.jpg
957,2,corridor_99.jpg
958,2,corridor_100.jpg
959,2,corridor_101.jpg
960,2,corridor_102.jpg
961,2,corridor_103.jpg
962,2,corridor_104.jpg
963,2,corridor_105.jpg
964,2,corridor_106.jpg
965,2,corridor_107.jpg
966,2,corridor_108.jpg
967,2,corridor_109.jpg
968,2,corridor_110.jpg
969,2,corridor_111.jpg
970,2,corridor_112.jpg
971,2,corridor_113.jpg
972,2,corridor_114.jpg
973,2,corridor_115.jpg
974,2,corridor_116.jpg
975,2,corridor_117.jpg
976,2,corridor_118.jpg
977,2,corridor_119.jpg
978,2,corridor_120.jpg
979,2,corridor_121.jpg
980,2,corridor_122.jpg
981,2,corridor_123.jpg
982,2,corridor_124.jpg
983,2,corridor_125.jpg
984,2,corridor_126.jpg
985,2,corridor_127.jpg
986,2,corridor_128.jpg
987,2,corridor_129.jpg
988,2,corridor_130.jpg
989,2,corridor_131.jpg
990,2,corridor_132.jpg
991,2,corridor_133.jpg
992,2,corridor_134.jpg
993,2,corridor_135.jpg
994,2,corridor_136.jpg
995,2,corridor_137.jpg
996,2,corridor_138.jpg
997,2,corridor_139.jpg
998,2,corridor_140.jpg
999,2,corridor_141.jpg
1000,2,corridor_142.jpg
1001,2,corridor_143.jpg
1002,2,corridor_144.jpg
1003,2,corridor_145.jpg
1004,2,corridor_146.jpg
1005,2,corridor_147.jpg
1006,2,corridor_148.jpg
1007,2,corridor_149.jpg
1008,2,corridor_150.jpg
1009,2,corridor_151.jpg
1010,2,corridor_152.jpg
1011,2,corridor_153.jpg
1012,2,corridor_154.jpg
1013,2,corridor_155.jpg
1014,2,corridor_156.jpg
1015,2,corridor_157.jpg
1016,2,corridor_158.jpg
1017,2,corridor_159.jpg
1018,2,corridor_160.jpg
1019,2,corridor_161.jpg
1020,2,corridor_162.jpg
1021,2,corridor_163.jpg
1022,2,corridor_164.jpg
1023,2,corridor_165.jpg
1024,2,corridor_166.jpg
1025,2,corridor_167.jpg
1026,2,corridor_168.jpg
1027,2,corridor_169.jpg
1028,2,corridor_170.jpg
1029,2,corridor_171.jpg
1030,2,corridor_172.jpg
1031,2,corridor_173.jpg
1032,2,corridor_174.jpg
1033,2,corridor_175.jpg
1034,2,corridor_176.jpg
1035,2,corridor_177.jpg
1036,2,corridor_178.jpg
1037,2,corridor_179.jpg
1038,2,corridor_180.jpg
1039,2,corridor_181.jpg
1040,2,corridor_182.jpg
1041,2,corridor_183.jpg
1042,2,corridor_184.jpg
1043,2,corridor_185.jpg
1044,2,corridor_186.jpg
1045,2,corridor_187.jpg
1046,2,corridor_188.jpg
1047,2,corridor_189.jpg
1048,2,corridor_190.jpg
1049,2,corridor_191.jpg
1050,2,corridor_192.jpg
1051,2,corridor_193.jpg
1052,2,corridor_194.jpg
1053,2,corridor_195.jpg
1054,2,corridor_196.jpg
1055,2,corridor_197.jpg
1056,2,corridor_198.jpg
1057,2,corridor_199.jpg
1058,2,corridor_200.jpg
1059,2,corridor_201.jpg
1060,2,corridor_202.jpg
1061,2,corridor_203.jpg
1062,2,corridor_204.jpg
1063,2,corridor_205.jpg
1064,2,corridor_206.jpg
1065,2,corridor_207.jpg
1066,2,corridor_208.jpg
1067,2,corridor_209.jpg
1068,2,corridor_210.jpg
1069,2,corridor_211.jpg
1070,2,corridor_212.jpg
1071,2,corridor_213.jpg
1072,2,corridor_214.jpg
1073,2,corridor_215.jpg
1074,2,corridor_216.jpg
1075,2,corridor_217.jpg
1076,2,corridor_218.jpg
1077,2,corridor_219.jpg
1078,2,corridor_220.jpg
1079,2,corridor_221.jpg
1080,2,corridor_222.jpg
1081,2,corridor_223.jpg
1082,2,corridor_224.jpg
1083,2,corridor_225.jpg
1084,2,corridor_226.jpg
1085,2,corridor_227.jpg
1086,2,corridor_228.jpg
1087,2,corridor_229.jpg
1088,2,corridor_230.jpg
1089,2,corridor_231.jpg
1090,2,corridor_232.jpg
1091,2,corridor_233.jpg
1092,2,corridor_234.jpg
1093,2,corridor_235.jpg
1094,2,corridor_236.jpg
1095,2,corridor_237.jpg
1096,2,corridor_238.jpg
1097,2,corridor_239.jpg
1098,2,corridor_240.jpg
1099,2,corridor_241.jpg
1100,2,corridor_242.jpg
1101,2,corridor_243.jpg
1102,2,corridor_244.jpg
1103,2,corridor_245.jpg
1104,2,corridor_246.jpg
1105,2,corridor_247.jpg
1106,2,corridor_248.jpg
1107,2,corridor_249.jpg
1108,2,corridor_250.jpg
1109,2,corridor_251.jpg
1110,2,corridor_252.jpg
1111,2,corridor_253.jpg
1112,2,corridor_254.jpg
1113,2,corridor_255.jpg
1114,2,corridor_256.jpg
1115,2,corridor_257.jpg
1116,2,corridor_258.jpg
1117,2,corridor_259.jpg
1118,2,corridor_260.jpg
1119,2,corridor_261.jpg
1120,2,corridor_262.jpg
1121,2,corridor_263.jpg
1122,2,corridor_264.jpg
1123,2,corridor_265.jpg
1124,2,corridor_266.jpg
1125,2,corridor_267.jpg
1126,2,corridor_268.jpg
1127,2,corridor_269.jpg
1128,2,corridor_270.jpg
1129,2,corridor_271.jpg
1130,2,corridor_272.jpg
1131,2,corridor_273.jpg
1132,2,corridor_274.jpg
1133,2,corridor_275.jpg
1134,2,corridor_276.jpg
1135,2,corridor_277.jpg
1136,2,corridor_278.jpg
1137,2,corridor_279.jpg
1138,2,corridor_280.jpg
1139,2,corridor_281.jpg
1140,2,corridor_282.jpg
1141,2,corridor_283.jpg
1142,2,corridor_284.jpg
1143,2,corridor_285.jpg
1144,2,corridor_286.jpg
1145,2,corridor_287.jpg
1146,2,corridor_288.jpg
1147,2,corridor_289.jpg
1148,2,corridor_290.jpg
1149,2,corridor_291.jpg
1150,2,corridor_292.jpg
1151,2,corridor_293.jpg
1152,2,corridor_294.jpg
1153,2,corridor_295.jpg
1154,2,corridor_296.jpg
1155,2,corridor_297.jpg
1156,2,corridor_298.jpg
1157,2,corridor_299.jpg
1158,2,corridor_300.jpg
1159,2,corridor_301.jpg
1160,2,corridor_302.jpg
1161,2,corridor_303.jpg
1162,2,corridor_304.jpg
1163,2,corridor_305.jpg
1164,2,corridor_306.jpg
1165,2,corridor_307.jpg
1166,2,corridor_308.jpg
1167,2,corridor_309.jpg
1168,2,corridor_310.jpg
1169,2,corridor_311.jpg
1170,2,corridor_312.jpg
1171,2,corridor_313.jpg
1172,2,corridor_314.jpg
1173,2,corridor_315.jpg
1174,2,corridor_316.jpg
1175,2,corridor_317.jpg
1176,2,corridor_318.jpg
1177,2,corridor_319.jpg
1178,2,corridor_320.jpg
1179,2,corridor_321.jpg
1180,2,corridor_322.jpg
1181,2,corridor_323.jpg
1182,2,corridor_324.jpg
1183,2,corridor_325.jpg
1184,2,corridor_326.jpg
1185,2,corridor_327.jpg
1186,2,corridor_328.jpg
1187,2,corridor_329.jpg
1188,2,corridor_330.jpg
1189,2,corridor_331.jpg
1190,2,corridor_332.jpg
1191,2,corridor_333.jpg
1192,2,corridor_334.jpg
1193,2,corridor_335.jpg
1194,2,corridor_336.jpg
1195,2,corridor_337.jpg
1196,2,corridor_338.jpg
1197,2,corridor_339.jpg
1198,2,corridor_340.jpg
1199,2,corridor_341.jpg
1200,2,corridor_342.jpg
1201,2,corridor_343.jpg
1202,2,corridor_344.jpg
1203,2,corridor_345.jpg
1204,2,corridor_346.jpg
1205,3,dining_room_1.jpg
1206,3,dining_room_2.jpg
1207,3,dining_room_3.jpg
1208,3,dining_room_4.jpg
1209,3,dining_room_5.jpg
1210,3,dining_room_6.jpg
1211,3,dining_room_7.jpg
1212,3,dining_room_8.jpg
1213,3,dining_room_9.jpg
1214,3,dining_room_10.jpg
1215,3,dining_room_11.jpg
1216,3,dining_room_12.jpg
1217,3,dining_room_13.jpg
1218,3,dining_room_14.jpg
1219,3,dining_room_15.jpg
1220,3,dining_room_16.jpg
1221,3,dining_room_17.jpg
1222,3,dining_room_18.jpg
1223,3,dining_room_19.jpg
1224,3,dining_room_20.jpg
1225,3,dining_room_21.jpg
1226,3,dining_room_22.jpg
1227,3,dining_room_23.jpg
1228,3,dining_room_24.jpg
1229,3,dining_room_25.jpg
1230,3,dining_room_26.jpg
1231,3,dining_room_27.jpg
1232,3,dining_room_28.jpg
1233,3,dining_room_29.jpg
1234,3,dining_room_30.jpg
1235,3,dining_room_31.jpg
1236,3,dining_room_32.jpg
1237,3,dining_room_33.jpg
1238,3,dining_room_34.jpg
1239,3,dining_room_35.jpg
1240,3,dining_room_36.jpg
1241,3,dining_room_37.jpg
1242,3,dining_room_38.jpg
1243,3,dining_room_39.jpg
1244,3,dining_room_40.jpg
1245,3,dining_room_41.jpg
1246,3,dining_room_42.jpg
1247,3,dining_room_43.jpg
1248,3,dining_room_44.jpg
1249,3,dining_room_45.jpg
1250,3,dining_room_46.jpg
1251,3,dining_room_47.jpg
1252,3,dining_room_48.jpg
1253,3,dining_room_49.jpg
1254,3,dining_room_50.jpg
1255,3,dining_room_51.jpg
1256,3,dining_room_52.jpg
1257,3,dining_room_53.jpg
1258,3,dining_room_54.jpg
1259,3,dining_room_55.jpg
1260,3,dining_room_56.jpg
1261,3,dining_room_57.jpg
1262,3,dining_room_58.jpg
1263,3,dining_room_59.jpg
1264,3,dining_room_60.jpg
1265,3,dining_room_61.jpg
1266,3,dining_room_62.jpg
1267,3,dining_room_63.jpg
1268,3,dining_room_64.jpg
1269,3,dining_room_65.jpg
1270,3,dining_room_66.jpg
1271,3,dining_room_67.jpg
1272,3,dining_room_68.jpg
1273,3,dining_room_69.jpg
1274,3,dining_room_70.jpg
1275,3,dining_room_71.jpg
1276,3,dining_room_72.jpg
1277,3,dining_room_73.jpg
1278,3,dining_room_74.jpg
1279,3,dining_room_75.jpg
1280,3,dining_room_76.jpg
1281,3,dining_room_77.jpg
1282,3,dining_room_78.jpg
1283,3,dining_room_79.jpg
1284,3,dining_room_80.jpg
1285,3,dining_room_81.jpg
1286,3,dining_room_82.jpg
1287,3,dining_room_83.jpg
1288,3,dining_room_84.jpg
1289,3,dining_room_85.jpg
1290,3,dining_room_86.jpg
1291,3,dining_room_87.jpg
1292,3,dining_room_88.jpg
1293,3,dining_room_89.jpg
1294,3,dining_room_90.jpg
1295,3,dining_room_91.jpg
1296,3,dining_room_92.jpg
1297,3,dining_room_93.jpg
1298,3,dining_room_94.jpg
1299,3,dining_room_95.jpg
1300,3,dining_room_96.jpg
1301,3,dining_room_97.jpg
1302,3,dining_room_98.jpg
1303,3,dining_room_99.jpg
1304,3,dining_room_100.jpg
1305,3,dining_room_101.jpg
1306,3,dining_room_102.jpg
1307,3,dining_room_103.jpg
1308,3,dining_room_104.jpg
1309,3,dining_room_105.jpg
1310,3,dining_room_106.jpg
1311,3,dining_room_107.jpg
1312,3,dining_room_108.jpg
1313,3,dining_room_109.jpg
1314,3,dining_room_110.jpg
1315,3,dining_room_111.jpg
1316,3,dining_room_112.jpg
1317,3,dining_room_113.jpg
1318,3,dining_room_114.jpg
1319,3,dining_room_115.jpg
1320,3,dining_room_116.jpg
1321,3,dining_room_117.jpg
1322,3,dining_room_118.jpg
1323,3,dining_room_119.jpg
1324,3,dining_room_120.jpg
1325,3,dining_room_121.jpg
1326,3,dining_room_122.jpg
1327,3,dining_room_123.jpg
1328,3,dining_room_124.jpg
1329,3,dining_room_125.jpg
1330,3,dining_room_126.jpg
1331,3,dining_room_127.jpg
1332,3,dining_room_128.jpg
1333,3,dining_room_129.jpg
1334,3,dining_room_130.jpg
1335,3,dining_room_131.jpg
1336,3,dining_room_132.jpg
1337,3,dining_room_133.jpg
1338,3,dining_room_134.jpg
1339,3,dining_room_135.jpg
1340,3,dining_room_136.jpg
1341,3,dining_room_137.jpg
1342,3,dining_room_138.jpg
1343,3,dining_room_139.jpg
1344,3,dining_room_140.jpg
1345,3,dining_room_141.jpg
1346,3,dining_room_142.jpg
1347,3,dining_room_143.jpg
1348,3,dining_room_144.jpg
1349,3,dining_room_145.jpg
1350,3,dining_room_146.jpg
1351,3,dining_room_147.JPG
1352,3,dining_room_148.jpg
1353,3,dining_room_149.jpg
1354,3,dining_room_150.jpg
1355,3,dining_room_151.jpg
1356,3,dining_room_152.jpg
1357,3,dining_room_153.jpg
1358,3,dining_room_154.jpg
1359,3,dining_room_155.jpg
1360,3,dining_room_156.jpg
1361,3,dining_room_157.jpg
1362,3,dining_room_158.jpg
1363,3,dining_room_159.jpg
1364,3,dining_room_160.jpg
1365,3,dining_room_161.jpg
1366,3,dining_room_162.jpg
1367,3,dining_room_163.jpg
1368,3,dining_room_164.jpg
1369,3,dining_room_165.jpg
1370,3,dining_room_166.jpg
1371,3,dining_room_167.jpg
1372,3,dining_room_168.jpg
1373,3,dining_room_169.jpg
1374,3,dining_room_170.jpg
1375,3,dining_room_171.jpg
1376,3,dining_room_172.jpg
1377,3,dining_room_173.jpg
1378,3,dining_room_174.jpg
1379,3,dining_room_175.jpg
1380,3,dining_room_176.jpg
1381,3,dining_room_177.jpg
1382,3,dining_room_178.jpg
1383,3,dining_room_179.jpg
1384,3,dining_room_180.jpg
1385,3,dining_room_181.jpg
1386,3,dining_room_182.jpg
1387,3,dining_room_183.jpg
1388,3,dining_room_184.jpg
1389,3,dining_room_185.jpg
1390,3,dining_room_186.jpg
1391,3,dining_room_187.jpg
1392,3,dining_room_188.jpg
1393,3,dining_room_189.jpg
1394,3,dining_room_190.jpg
1395,3,dining_room_191.jpg
1396,3,dining_room_192.jpg
1397,3,dining_room_193.jpg
1398,3,dining_room_194.jpg
1399,3,dining_room_195.jpg
1400,3,dining_room_196.jpg
1401,3,dining_room_197.jpg
1402,3,dining_room_198.jpg
1403,3,dining_room_199.jpg
1404,3,dining_room_200.jpg
1405,3,dining_room_201.jpg
1406,3,dining_room_202.jpg
1407,3,dining_room_203.jpg
1408,3,dining_room_204.jpg
1409,3,dining_room_205.jpg
1410,3,dining_room_206.jpg
1411,3,dining_room_207.jpg
1412,3,dining_room_208.jpg
1413,3,dining_room_209.jpg
1414,3,dining_room_210.jpg
1415,3,dining_room_211.jpg
1416,3,dining_room_212.jpg
1417,3,dining_room_213.jpg
1418,3,dining_room_214.jpg
1419,3,dining_room_215.jpg
1420,3,dining_room_216.jpg
1421,3,dining_room_217.jpg
1422,3,dining_room_218.jpg
1423,3,dining_room_219.jpg
1424,3,dining_room_220.jpg
1425,3,dining_room_221.jpg
1426,3,dining_room_222.jpg
1427,3,dining_room_223.jpg
1428,3,dining_room_224.jpg
1429,3,dining_room_225.jpg
1430,3,dining_room_226.jpg
1431,3,dining_room_227.jpg
1432,3,dining_room_228.jpg
1433,3,dining_room_229.jpg
1434,3,dining_room_230.jpg
1435,3,dining_room_231.jpg
1436,3,dining_room_232.jpg
1437,3,dining_room_233.jpg
1438,3,dining_room_234.jpg
1439,3,dining_room_235.jpg
1440,3,dining_room_236.jpg
1441,3,dining_room_237.jpg
1442,3,dining_room_238.jpg
1443,3,dining_room_239.jpg
1444,3,dining_room_240.jpg
1445,3,dining_room_241.jpg
1446,3,dining_room_242.jpg
1447,3,dining_room_243.jpg
1448,3,dining_room_244.jpg
1449,3,dining_room_245.jpg
1450,3,dining_room_246.jpg
1451,3,dining_room_247.jpg
1452,3,dining_room_248.jpg
1453,3,dining_room_249.jpg
1454,3,dining_room_250.jpg
1455,3,dining_room_251.jpg
1456,3,dining_room_252.jpg
1457,3,dining_room_253.jpg
1458,3,dining_room_254.jpg
1459,3,dining_room_255.jpg
1460,3,dining_room_256.jpg
1461,3,dining_room_257.jpg
1462,3,dining_room_258.jpg
1463,3,dining_room_259.jpg
1464,3,dining_room_260.jpg
1465,3,dining_room_261.jpg
1466,3,dining_room_262.jpg
1467,3,dining_room_263.jpg
1468,3,dining_room_264.jpg
1469,3,dining_room_265.jpg
1470,3,dining_room_266.jpg
1471,3,dining_room_267.jpg
1472,3,dining_room_268.jpg
1473,3,dining_room_269.jpg
1474,3,dining_room_270.jpg
1475,3,dining_room_271.jpg
1476,3,dining_room_272.jpg
1477,3,dining_room_273.jpg
1478,3,dining_room_274.jpg
1479,4,kitchen_1.jpg
1480,4,kitchen_2.jpg
1481,4,kitchen_3.jpg
1482,4,kitchen_4.jpg
1483,4,kitchen_5.jpg
1484,4,kitchen_6.jpg
1485,4,kitchen_7.jpg
1486,4,kitchen_8.jpg
1487,4,kitchen_9.jpg
1488,4,kitchen_10.jpg
1489,4,kitchen_11.jpg
1490,4,kitchen_12.jpg
1491,4,kitchen_13.jpg
1492,4,kitchen_14.jpg
1493,4,kitchen_15.jpg
1494,4,kitchen_16.jpg
1495,4,kitchen_17.jpg
1496,4,kitchen_18.jpg
1497,4,kitchen_19.jpg
1498,4,kitchen_20.jpg
1499,4,kitchen_21.jpg
1500,4,kitchen_22.jpg
1501,4,kitchen_23.jpg
1502,4,kitchen_24.jpg
1503,4,kitchen_25.jpg
1504,4,kitchen_26.jpg
1505,4,kitchen_27.jpg
1506,4,kitchen_28.jpg
1507,4,kitchen_29.jpg
1508,4,kitchen_30.jpg
1509,4,kitchen_31.jpg
1510,4,kitchen_32.jpg
1511,4,kitchen_33.jpg
1512,4,kitchen_34.jpg
1513,4,kitchen_35.jpg
1514,4,kitchen_36.jpg
1515,4,kitchen_37.jpg
1516,4,kitchen_38.jpg
1517,4,kitchen_39.jpg
1518,4,kitchen_40.jpg
1519,4,kitchen_41.jpg
1520,4,kitchen_42.jpg
1521,4,kitchen_43.jpg
1522,4,kitchen_44.jpg
1523,4,kitchen_45.jpg
1524,4,kitchen_46.jpg
1525,4,kitchen_47.jpg
1526,4,kitchen_48.jpg
1527,4,kitchen_49.jpg
1528,4,kitchen_50.jpg
1529,4,kitchen_51.jpg
1530,4,kitchen_52.jpg
1531,4,kitchen_53.jpg
1532,4,kitchen_54.jpg
1533,4,kitchen_55.jpg
1534,4,kitchen_56.jpg
1535,4,kitchen_57.jpg
1536,4,kitchen_58.jpg
1537,4,kitchen_59.jpg
1538,4,kitchen_60.jpg
1539,4,kitchen_61.jpg
1540,4,kitchen_62.jpg
1541,4,kitchen_63.jpg
1542,4,kitchen_64.jpg
1543,4,kitchen_65.jpg
1544,4,kitchen_66.jpg
1545,4,kitchen_67.jpg
1546,4,kitchen_68.jpg
1547,4,kitchen_69.jpg
1548,4,kitchen_70.jpg
1549,4,kitchen_71.jpg
1550,4,kitchen_72.jpg
1551,4,kitchen_73.jpg
1552,4,kitchen_74.jpg
1553,4,kitchen_75.jpg
1554,4,kitchen_76.jpg
1555,4,kitchen_77.jpg
1556,4,kitchen_78.jpg
1557,4,kitchen_79.jpg
1558,4,kitchen_80.jpg
1559,4,kitchen_81.jpg
1560,4,kitchen_82.jpg
1561,4,kitchen_83.jpg
1562,4,kitchen_84.jpg
1563,4,kitchen_85.jpg
1564,4,kitchen_86.jpg
1565,4,kitchen_87.jpg
1566,4,kitchen_88.jpg
1567,4,kitchen_89.jpg
1568,4,kitchen_90.jpg
1569,4,kitchen_91.jpg
1570,4,kitchen_92.jpg
1571,4,kitchen_93.jpg
1572,4,kitchen_94.jpg
1573,4,kitchen_95.jpg
1574,4,kitchen_96.jpg
1575,4,kitchen_97.jpg
1576,4,kitchen_98.jpg
1577,4,kitchen_99.jpg
1578,4,kitchen_100.jpg
1579,4,kitchen_101.jpg
1580,4,kitchen_102.jpg
1581,4,kitchen_103.jpg
1582,4,kitchen_104.jpg
1583,4,kitchen_105.jpg
1584,4,kitchen_106.jpg
1585,4,kitchen_107.jpg
1586,4,kitchen_108.jpg
1587,4,kitchen_109.jpg
1588,4,kitchen_110.jpg
1589,4,kitchen_111.jpg
1590,4,kitchen_112.jpg
1591,4,kitchen_113.jpg
1592,4,kitchen_114.jpg
1593,4,kitchen_115.jpg
1594,4,kitchen_116.jpg
1595,4,kitchen_117.jpg
1596,4,kitchen_118.jpg
1597,4,kitchen_119.jpg
1598,4,kitchen_120.jpg
1599,4,kitchen_121.jpg
1600,4,kitchen_122.jpg
1601,4,kitchen_123.jpg
1602,4,kitchen_124.jpg
1603,4,kitchen_125.jpg
1604,4,kitchen_126.jpg
1605,4,kitchen_127.jpg
1606,4,kitchen_128.jpg
1607,4,kitchen_129.jpg
1608,4,kitchen_130.jpg
1609,4,kitchen_131.jpg
1610,4,kitchen_132.jpg
1611,4,kitchen_133.jpg
1612,4,kitchen_134.jpg
1613,4,kitchen_135.jpg
1614,4,kitchen_136.jpg
1615,4,kitchen_137.jpg
1616,4,kitchen_138.jpg
1617,4,kitchen_139.jpg
1618,4,kitchen_140.jpg
1619,4,kitchen_141.jpg
1620,4,kitchen_142.jpg
1621,4,kitchen_143.jpg
1622,4,kitchen_144.jpg
1623,4,kitchen_145.jpg
1624,4,kitchen_146.jpg
1625,4,kitchen_147.jpg
1626,4,kitchen_148.jpg
1627,4,kitchen_149.jpg
1628,4,kitchen_150.jpg
1629,4,kitchen_151.jpg
1630,4,kitchen_152.jpg
1631,4,kitchen_153.jpg
1632,4,kitchen_154.jpg
1633,4,kitchen_155.jpg
1634,4,kitchen_156.jpg
1635,4,kitchen_157.jpg
1636,4,kitchen_158.jpg
1637,4,kitchen_159.jpg
1638,4,kitchen_160.jpg
1639,4,kitchen_161.jpg
1640,4,kitchen_162.jpg
1641,4,kitchen_163.jpg
1642,4,kitchen_164.jpg
1643,4,kitchen_165.jpg
1644,4,kitchen_166.jpg
1645,4,kitchen_167.jpg
1646,4,kitchen_168.jpg
1647,4,kitchen_169.jpg
1648,4,kitchen_170.jpg
1649,4,kitchen_171.jpg
1650,4,kitchen_172.jpg
1651,4,kitchen_173.jpg
1652,4,kitchen_174.jpg
1653,4,kitchen_175.jpg
1654,4,kitchen_176.jpg
1655,4,kitchen_177.jpg
1656,4,kitchen_178.jpg
1657,4,kitchen_179.jpg
1658,4,kitchen_180.jpg
1659,4,kitchen_181.jpg
1660,4,kitchen_182.jpg
1661,4,kitchen_183.jpg
1662,4,kitchen_184.jpg
1663,4,kitchen_185.jpg
1664,4,kitchen_186.jpg
1665,4,kitchen_187.jpg
1666,4,kitchen_188.jpg
1667,4,kitchen_189.jpg
1668,4,kitchen_190.jpg
1669,4,kitchen_191.jpg
1670,4,kitchen_192.jpg
1671,4,kitchen_193.jpg
1672,4,kitchen_194.jpg
1673,4,kitchen_195.jpg
1674,4,kitchen_196.jpg
1675,4,kitchen_197.jpg
1676,4,kitchen_198.jpg
1677,4,kitchen_199.jpg
1678,4,kitchen_200.jpg
1679,4,kitchen_201.jpg
1680,4,kitchen_202.jpg
1681,4,kitchen_203.jpg
1682,4,kitchen_204.jpg
1683,4,kitchen_205.jpg
1684,4,kitchen_206.jpg
1685,4,kitchen_207.jpg
1686,4,kitchen_208.jpg
1687,4,kitchen_209.jpg
1688,4,kitchen_210.jpg
1689,4,kitchen_211.jpg
1690,4,kitchen_212.jpg
1691,4,kitchen_213.jpg
1692,4,kitchen_214.jpg
1693,4,kitchen_215.jpg
1694,4,kitchen_216.jpg
1695,4,kitchen_217.jpg
1696,4,kitchen_218.jpg
1697,4,kitchen_219.jpg
1698,4,kitchen_220.jpg
1699,4,kitchen_221.jpg
1700,4,kitchen_222.jpg
1701,4,kitchen_223.jpg
1702,4,kitchen_224.jpg
1703,4,kitchen_225.jpg
1704,4,kitchen_226.jpg
1705,4,kitchen_227.jpg
1706,4,kitchen_228.jpg
1707,4,kitchen_229.jpg
1708,4,kitchen_230.jpg
1709,4,kitchen_231.jpg
1710,4,kitchen_232.jpg
1711,4,kitchen_233.jpg
1712,4,kitchen_234.jpg
1713,4,kitchen_235.jpg
1714,4,kitchen_236.jpg
1715,4,kitchen_237.jpg
1716,4,kitchen_238.jpg
1717,4,kitchen_239.jpg
1718,4,kitchen_240.jpg
1719,4,kitchen_241.jpg
1720,4,kitchen_242.jpg
1721,4,kitchen_243.jpg
1722,4,kitchen_244.jpg
1723,4,kitchen_245.jpg
1724,4,kitchen_246.jpg
1725,4,kitchen_247.jpg
1726,4,kitchen_248.jpg
1727,4,kitchen_249.jpg
1728,4,kitchen_250.jpg
1729,4,kitchen_251.jpg
1730,4,kitchen_252.jpg
1731,4,kitchen_253.jpg
1732,4,kitchen_254.jpg
1733,4,kitchen_255.jpg
1734,4,kitchen_256.jpg
1735,4,kitchen_257.jpg
1736,4,kitchen_258.jpg
1737,4,kitchen_259.jpg
1738,4,kitchen_260.jpg
1739,4,kitchen_261.jpg
1740,4,kitchen_262.jpg
1741,4,kitchen_263.jpg
1742,4,kitchen_264.jpg
1743,4,kitchen_265.jpg
1744,4,kitchen_266.jpg
1745,4,kitchen_267.jpg
1746,4,kitchen_268.jpg
1747,4,kitchen_269.jpg
1748,4,kitchen_270.jpg
1749,4,kitchen_271.jpg
1750,4,kitchen_272.jpg
1751,4,kitchen_273.jpg
1752,4,kitchen_274.jpg
1753,4,kitchen_275.jpg
1754,4,kitchen_276.jpg
1755,4,kitchen_277.jpg
1756,4,kitchen_278.jpg
1757,4,kitchen_279.jpg
1758,4,kitchen_280.jpg
1759,4,kitchen_281.jpg
1760,4,kitchen_282.jpg
1761,4,kitchen_283.jpg
1762,4,kitchen_284.jpg
1763,4,kitchen_285.jpg
1764,4,kitchen_286.jpg
1765,4,kitchen_287.jpg
1766,4,kitchen_288.jpg
1767,4,kitchen_289.jpg
1768,4,kitchen_290.jpg
1769,4,kitchen_291.jpg
1770,4,kitchen_292.jpg
1771,4,kitchen_293.jpg
1772,4,kitchen_294.jpg
1773,4,kitchen_295.jpg
1774,4,kitchen_296.jpg
1775,4,kitchen_297.jpg
1776,4,kitchen_298.jpg
1777,4,kitchen_299.jpg
1778,4,kitchen_300.jpg
1779,4,kitchen_301.jpg
1780,4,kitchen_302.jpg
1781,4,kitchen_303.jpg
1782,4,kitchen_304.jpg
1783,4,kitchen_305.jpg
1784,4,kitchen_306.jpg
1785,4,kitchen_307.jpg
1786,4,kitchen_308.jpg
1787,4,kitchen_309.jpg
1788,4,kitchen_310.jpg
1789,4,kitchen_311.jpg
1790,4,kitchen_312.jpg
1791,4,kitchen_313.jpg
1792,4,kitchen_314.jpg
1793,4,kitchen_315.jpg
1794,4,kitchen_316.jpg
1795,4,kitchen_317.jpg
1796,4,kitchen_318.jpg
1797,4,kitchen_319.jpg
1798,4,kitchen_320.jpg
1799,4,kitchen_321.jpg
1800,4,kitchen_322.jpg
1801,4,kitchen_323.jpg
1802,4,kitchen_324.jpg
1803,4,kitchen_325.jpg
1804,4,kitchen_326.jpg
1805,4,kitchen_327.jpg
1806,4,kitchen_328.jpg
1807,4,kitchen_329.jpg
1808,4,kitchen_330.jpg
1809,4,kitchen_331.jpg
1810,4,kitchen_332.jpg
1811,4,kitchen_333.jpg
1812,4,kitchen_334.jpg
1813,4,kitchen_335.jpg
1814,4,kitchen_336.jpg
1815,4,kitchen_337.jpg
1816,4,kitchen_338.jpg
1817,4,kitchen_339.jpg
1818,4,kitchen_340.jpg
1819,4,kitchen_341.jpg
1820,4,kitchen_342.jpg
1821,4,kitchen_343.jpg
1822,4,kitchen_344.jpg
1823,4,kitchen_345.jpg
1824,4,kitchen_346.jpg
1825,4,kitchen_347.jpg
1826,4,kitchen_348.jpg
1827,4,kitchen_349.jpg
1828,4,kitchen_350.jpg
1829,4,kitchen_351.jpg
1830,4,kitchen_352.jpg
1831,4,kitchen_353.jpg
1832,4,kitchen_354.jpg
1833,4,kitchen_355.jpg
1834,4,kitchen_356.jpg
1835,4,kitchen_357.jpg
1836,4,kitchen_358.jpg
1837,4,kitchen_359.jpg
1838,4,kitchen_360.jpg
1839,4,kitchen_361.jpg
1840,4,kitchen_362.jpg
1841,4,kitchen_363.jpg
1842,4,kitchen_364.jpg
1843,4,kitchen_365.jpg
1844,4,kitchen_366.jpg
1845,4,kitchen_367.jpg
1846,4,kitchen_368.jpg
1847,4,kitchen_369.jpg
1848,4,kitchen_370.jpg
1849,4,kitchen_371.jpg
1850,4,kitchen_372.jpg
1851,4,kitchen_373.jpg
1852,4,kitchen_374.jpg
1853,4,kitchen_375.jpg
1854,4,kitchen_376.jpg
1855,4,kitchen_377.jpg
1856,4,kitchen_378.jpg
1857,4,kitchen_379.jpg
1858,4,kitchen_380.jpg
1859,4,kitchen_381.jpg
1860,4,kitchen_382.jpg
1861,4,kitchen_383.jpg
1862,4,kitchen_384.jpg
1863,4,kitchen_385.jpg
1864,4,kitchen_386.jpg
1865,4,kitchen_387.jpg
1866,4,kitchen_388.jpg
1867,4,kitchen_389.jpg
1868,4,kitchen_390.jpg
1869,4,kitchen_391.jpg
1870,4,kitchen_392.jpg
1871,4,kitchen_393.jpg
1872,4,kitchen_394.jpg
1873,4,kitchen_395.jpg
1874,4,kitchen_396.jpg
1875,4,kitchen_397.jpg
1876,4,kitchen_398.jpg
1877,4,kitchen_399.jpg
1878,4,kitchen_400.jpg
1879,4,kitchen_401.jpg
1880,4,kitchen_402.jpg
1881,4,kitchen_403.jpg
1882,4,kitchen_404.jpg
1883,4,kitchen_405.jpg
1884,4,kitchen_406.jpg
1885,4,kitchen_407.jpg
1886,4,kitchen_408.jpg
1887,4,kitchen_409.jpg
1888,4,kitchen_410.jpg
1889,4,kitchen_411.jpg
1890,4,kitchen_412.jpg
1891,4,kitchen_413.jpg
1892,4,kitchen_414.jpg
1893,4,kitchen_415.jpg
1894,4,kitchen_416.jpg
1895,4,kitchen_417.jpg
1896,4,kitchen_418.jpg
1897,4,kitchen_419.jpg
1898,4,kitchen_420.jpg
1899,4,kitchen_421.jpg
1900,4,kitchen_422.jpg
1901,4,kitchen_423.jpg
1902,4,kitchen_424.jpg
1903,4,kitchen_425.jpg
1904,4,kitchen_426.jpg
1905,4,kitchen_427.jpg
1906,4,kitchen_428.jpg
1907,4,kitchen_429.jpg
1908,4,kitchen_430.jpg
1909,4,kitchen_431.jpg
1910,4,kitchen_432.jpg
1911,4,kitchen_433.jpg
1912,4,kitchen_434.jpg
1913,4,kitchen_435.jpg
1914,4,kitchen_436.jpg
1915,4,kitchen_437.jpg
1916,4,kitchen_438.jpg
1917,4,kitchen_439.jpg
1918,4,kitchen_440.jpg
1919,4,kitchen_441.jpg
1920,4,kitchen_442.jpg
1921,4,kitchen_443.jpg
1922,4,kitchen_444.jpg
1923,4,kitchen_445.jpg
1924,4,kitchen_446.jpg
1925,4,kitchen_447.jpg
1926,4,kitchen_448.jpg
1927,4,kitchen_449.jpg
1928,4,kitchen_450.jpg
1929,4,kitchen_451.jpg
1930,4,kitchen_452.jpg
1931,4,kitchen_453.jpg
1932,4,kitchen_454.jpg
1933,4,kitchen_455.jpg
1934,4,kitchen_456.jpg
1935,4,kitchen_457.jpg
1936,4,kitchen_458.jpg
1937,4,kitchen_459.jpg
1938,4,kitchen_460.jpg
1939,4,kitchen_461.jpg
1940,4,kitchen_462.jpg
1941,4,kitchen_463.jpg
1942,4,kitchen_464.jpg
1943,4,kitchen_465.jpg
1944,4,kitchen_466.jpg
1945,4,kitchen_467.jpg
1946,4,kitchen_468.jpg
1947,4,kitchen_469.jpg
1948,4,kitchen_470.jpg
1949,4,kitchen_471.jpg
1950,4,kitchen_472.jpg
1951,4,kitchen_473.jpg
1952,4,kitchen_474.jpg
1953,4,kitchen_475.jpg
1954,4,kitchen_476.jpg
1955,4,kitchen_477.jpg
1956,4,kitchen_478.jpg
1957,4,kitchen_479.jpg
1958,4,kitchen_480.jpg
1959,4,kitchen_481.jpg
1960,4,kitchen_482.jpg
1961,4,kitchen_483.jpg
1962,4,kitchen_484.jpg
1963,4,kitchen_485.jpg
1964,4,kitchen_486.jpg
1965,4,kitchen_487.jpg
1966,4,kitchen_488.jpg
1967,4,kitchen_489.jpg
1968,4,kitchen_490.jpg
1969,4,kitchen_491.jpg
1970,4,kitchen_492.jpg
1971,4,kitchen_493.jpg
1972,4,kitchen_494.jpg
1973,4,kitchen_495.jpg
1974,4,kitchen_496.jpg
1975,4,kitchen_497.jpg
1976,4,kitchen_498.jpg
1977,4,kitchen_499.jpg
1978,4,kitchen_500.jpg
1979,4,kitchen_501.jpg
1980,4,kitchen_502.jpg
1981,4,kitchen_503.jpg
1982,4,kitchen_504.jpg
1983,4,kitchen_505.jpg
1984,4,kitchen_506.jpg
1985,4,kitchen_507.jpg
1986,4,kitchen_508.jpg
1987,4,kitchen_509.jpg
1988,4,kitchen_510.jpg
1989,4,kitchen_511.jpg
1990,4,kitchen_512.jpg
1991,4,kitchen_513.jpg
1992,4,kitchen_514.jpg
1993,4,kitchen_515.jpg
1994,4,kitchen_516.jpg
1995,4,kitchen_517.jpg
1996,4,kitchen_518.jpg
1997,4,kitchen_519.jpg
1998,4,kitchen_520.jpg
1999,4,kitchen_521.jpg
2000,4,kitchen_522.jpg
2001,4,kitchen_523.jpg
2002,4,kitchen_524.jpg
2003,4,kitchen_525.jpg
2004,4,kitchen_526.jpg
2005,4,kitchen_527.jpg
2006,4,kitchen_528.jpg
2007,4,kitchen_529.jpg
2008,4,kitchen_530.jpg
2009,4,kitchen_531.jpg
2010,4,kitchen_532.JPG
2011,4,kitchen_533.jpg
2012,4,kitchen_534.jpg
2013,4,kitchen_535.jpg
2014,4,kitchen_536.jpg
2015,4,kitchen_537.jpg
2016,4,kitchen_538.jpg
2017,4,kitchen_539.jpg
2018,4,kitchen_540.jpg
2019,4,kitchen_541.jpg
2020,4,kitchen_542.jpg
2021,4,kitchen_543.jpg
2022,4,kitchen_544.jpg
2023,4,kitchen_545.jpg
2024,4,kitchen_546.jpg
2025,4,kitchen_547.jpg
2026,4,kitchen_548.jpg
2027,4,kitchen_549.jpg
2028,4,kitchen_550.jpg
2029,4,kitchen_551.jpg
2030,4,kitchen_552.jpg
2031,4,kitchen_553.jpg
2032,4,kitchen_554.jpg
2033,4,kitchen_555.jpg
2034,4,kitchen_556.jpg
2035,4,kitchen_557.jpg
2036,4,kitchen_558.jpg
2037,4,kitchen_559.jpg
2038,4,kitchen_560.jpg
2039,4,kitchen_561.jpg
2040,4,kitchen_562.jpg
2041,4,kitchen_563.jpg
2042,4,kitchen_564.jpg
2043,4,kitchen_565.jpg
2044,4,kitchen_566.jpg
2045,4,kitchen_567.jpg
2046,4,kitchen_568.jpg
2047,4,kitchen_569.jpg
2048,4,kitchen_570.jpg
2049,4,kitchen_571.jpg
2050,4,kitchen_572.jpg
2051,4,kitchen_573.jpg
2052,4,kitchen_574.jpg
2053,4,kitchen_575.jpg
2054,4,kitchen_576.jpg
2055,4,kitchen_577.jpg
2056,4,kitchen_578.jpg
2057,4,kitchen_579.jpg
2058,4,kitchen_580.jpg
2059,4,kitchen_581.jpg
2060,4,kitchen_582.jpg
2061,4,kitchen_583.jpg
2062,4,kitchen_584.jpg
2063,4,kitchen_585.jpg
2064,4,kitchen_586.jpg
2065,4,kitchen_587.jpg
2066,4,kitchen_588.jpg
2067,4,kitchen_589.jpg
2068,4,kitchen_590.jpg
2069,4,kitchen_591.jpg
2070,4,kitchen_592.JPG
2071,4,kitchen_593.jpg
2072,4,kitchen_594.jpg
2073,4,kitchen_595.jpg
2074,4,kitchen_596.jpg
2075,4,kitchen_597.jpg
2076,4,kitchen_598.jpg
2077,4,kitchen_599.jpg
2078,4,kitchen_600.jpg
2079,4,kitchen_601.jpg
2080,4,kitchen_602.jpg
2081,4,kitchen_603.jpg
2082,4,kitchen_604.jpg
2083,4,kitchen_605.jpg
2084,4,kitchen_606.jpg
2085,4,kitchen_607.jpg
2086,4,kitchen_608.jpg
2087,4,kitchen_609.jpg
2088,4,kitchen_610.jpg
2089,4,kitchen_611.jpg
2090,4,kitchen_612.jpg
2091,4,kitchen_613.jpg
2092,4,kitchen_614.jpg
2093,4,kitchen_615.jpg
2094,4,kitchen_616.jpg
2095,4,kitchen_617.jpg
2096,4,kitchen_618.jpg
2097,4,kitchen_619.jpg
2098,4,kitchen_620.jpg
2099,4,kitchen_621.jpg
2100,4,kitchen_622.jpg
2101,4,kitchen_623.jpg
2102,4,kitchen_624.jpg
2103,4,kitchen_625.jpg
2104,4,kitchen_626.jpg
2105,4,kitchen_627.jpg
2106,4,kitchen_628.jpg
2107,4,kitchen_629.jpg
2108,4,kitchen_630.jpg
2109,4,kitchen_631.jpg
2110,4,kitchen_632.jpg
2111,4,kitchen_633.jpg
2112,4,kitchen_634.jpg
2113,4,kitchen_635.jpg
2114,4,kitchen_636.jpg
2115,4,kitchen_637.jpg
2116,4,kitchen_638.jpg
2117,4,kitchen_639.jpg
2118,4,kitchen_640.jpg
2119,4,kitchen_641.jpg
2120,4,kitchen_642.jpg
2121,4,kitchen_643.jpg
2122,4,kitchen_644.jpg
2123,4,kitchen_645.jpg
2124,4,kitchen_646.jpg
2125,4,kitchen_647.jpg
2126,4,kitchen_648.jpg
2127,4,kitchen_649.jpg
2128,4,kitchen_650.jpg
2129,4,kitchen_651.jpg
2130,4,kitchen_652.jpg
2131,4,kitchen_653.jpg
2132,4,kitchen_654.jpg
2133,4,kitchen_655.jpg
2134,4,kitchen_656.jpg
2135,4,kitchen_657.jpg
2136,4,kitchen_658.jpg
2137,4,kitchen_659.jpg
2138,4,kitchen_660.jpg
2139,4,kitchen_661.jpg
2140,4,kitchen_662.jpg
2141,4,kitchen_663.jpg
2142,4,kitchen_664.jpg
2143,4,kitchen_665.jpg
2144,4,kitchen_666.jpg
2145,4,kitchen_667.jpg
2146,4,kitchen_668.jpg
2147,4,kitchen_669.jpg
2148,4,kitchen_670.jpg
2149,4,kitchen_671.jpg
2150,4,kitchen_672.jpg
2151,4,kitchen_673.jpg
2152,4,kitchen_674.jpg
2153,4,kitchen_675.jpg
2154,4,kitchen_676.jpg
2155,4,kitchen_677.jpg
2156,4,kitchen_678.jpg
2157,4,kitchen_679.jpg
2158,4,kitchen_680.jpg
2159,4,kitchen_681.jpg
2160,4,kitchen_682.jpg
2161,4,kitchen_683.jpg
2162,4,kitchen_684.jpg
2163,4,kitchen_685.jpg
2164,4,kitchen_686.jpg
2165,4,kitchen_687.jpg
2166,4,kitchen_688.jpg
2167,4,kitchen_689.jpg
2168,4,kitchen_690.jpg
2169,4,kitchen_691.jpg
2170,4,kitchen_692.jpg
2171,4,kitchen_693.jpg
2172,4,kitchen_694.jpg
2173,4,kitchen_695.jpg
2174,4,kitchen_696.jpg
2175,4,kitchen_697.jpg
2176,4,kitchen_698.jpg
2177,4,kitchen_699.jpg
2178,4,kitchen_700.jpg
2179,4,kitchen_701.jpg
2180,4,kitchen_702.jpg
2181,4,kitchen_703.jpg
2182,4,kitchen_704.jpg
2183,4,kitchen_705.jpg
2184,4,kitchen_706.jpg
2185,4,kitchen_707.jpg
2186,4,kitchen_708.jpg
2187,4,kitchen_709.jpg
2188,4,kitchen_710.jpg
2189,4,kitchen_711.jpg
2190,4,kitchen_712.jpg
2191,4,kitchen_713.jpg
2192,4,kitchen_714.jpg
2193,4,kitchen_715.jpg
2194,4,kitchen_716.jpg
2195,4,kitchen_717.jpg
2196,4,kitchen_718.jpg
2197,4,kitchen_719.jpg
2198,4,kitchen_720.jpg
2199,4,kitchen_721.jpg
2200,4,kitchen_722.jpg
2201,4,kitchen_723.jpg
2202,4,kitchen_724.jpg
2203,4,kitchen_725.jpg
2204,4,kitchen_726.jpg
2205,4,kitchen_727.jpg
2206,4,kitchen_728.jpg
2207,4,kitchen_729.jpg
2208,4,kitchen_730.jpg
2209,4,kitchen_731.jpg
2210,4,kitchen_732.jpg
2211,4,kitchen_733.jpg
2212,4,kitchen_734.jpg
2213,5,livingroom_1.jpg
2214,5,livingroom_2.jpg
2215,5,livingroom_3.jpg
2216,5,livingroom_4.jpg
2217,5,livingroom_5.jpg
2218,5,livingroom_6.jpg
2219,5,livingroom_7.jpg
2220,5,livingroom_8.jpg
2221,5,livingroom_9.jpg
2222,5,livingroom_10.jpg
2223,5,livingroom_11.jpg
2224,5,livingroom_12.jpg
2225,5,livingroom_13.jpg
2226,5,livingroom_14.jpg
2227,5,livingroom_15.jpg
2228,5,livingroom_16.jpg
2229,5,livingroom_17.jpg
2230,5,livingroom_18.jpg
2231,5,livingroom_19.jpg
2232,5,livingroom_20.jpg
2233,5,livingroom_21.jpg
2234,5,livingroom_22.jpg
2235,5,livingroom_23.jpg
2236,5,livingroom_24.jpg
2237,5,livingroom_25.jpg
2238,5,livingroom_26.jpg
2239,5,livingroom_27.jpg
2240,5,livingroom_28.jpg
2241,5,livingroom_29.jpg
2242,5,livingroom_30.jpg
2243,5,livingroom_31.jpg
2244,5,livingroom_32.jpg
2245,5,livingroom_33.jpg
2246,5,livingroom_34.jpg
2247,5,livingroom_35.jpg
2248,5,livingroom_36.jpg
2249,5,livingroom_37.jpg
2250,5,livingroom_38.jpg
2251,5,livingroom_39.jpg
2252,5,livingroom_40.jpg
2253,5,livingroom_41.jpg
2254,5,livingroom_42.jpg
2255,5,livingroom_43.jpg
2256,5,livingroom_44.jpg
2257,5,livingroom_45.jpg
2258,5,livingroom_46.jpg
2259,5,livingroom_47.jpg
2260,5,livingroom_48.jpg
2261,5,livingroom_49.jpg
2262,5,livingroom_50.jpg
2263,5,livingroom_51.jpg
2264,5,livingroom_52.jpg
2265,5,livingroom_53.jpg
2266,5,livingroom_54.jpg
2267,5,livingroom_55.jpg
2268,5,livingroom_56.jpg
2269,5,livingroom_57.jpg
2270,5,livingroom_58.jpg
2271,5,livingroom_59.jpg
2272,5,livingroom_60.jpg
2273,5,livingroom_61.jpg
2274,5,livingroom_62.jpg
2275,5,livingroom_63.jpg
2276,5,livingroom_64.jpg
2277,5,livingroom_65.jpg
2278,5,livingroom_66.jpg
2279,5,livingroom_67.jpg
2280,5,livingroom_68.jpg
2281,5,livingroom_69.jpg
2282,5,livingroom_70.jpg
2283,5,livingroom_71.jpg
2284,5,livingroom_72.jpg
2285,5,livingroom_73.jpg
2286,5,livingroom_74.jpg
2287,5,livingroom_75.jpg
2288,5,livingroom_76.jpg
2289,5,livingroom_77.jpg
2290,5,livingroom_78.jpg
2291,5,livingroom_79.jpg
2292,5,livingroom_80.jpg
2293,5,livingroom_81.jpg
2294,5,livingroom_82.jpg
2295,5,livingroom_83.jpg
2296,5,livingroom_84.jpg
2297,5,livingroom_85.jpg
2298,5,livingroom_86.jpg
2299,5,livingroom_87.jpg
2300,5,livingroom_88.jpg
2301,5,livingroom_89.jpg
2302,5,livingroom_90.jpg
2303,5,livingroom_91.jpg
2304,5,livingroom_92.jpg
2305,5,livingroom_93.jpg
2306,5,livingroom_94.jpg
2307,5,livingroom_95.jpg
2308,5,livingroom_96.jpg
2309,5,livingroom_97.jpg
2310,5,livingroom_98.jpg
2311,5,livingroom_99.jpg
2312,5,livingroom_100.jpg
2313,5,livingroom_101.jpg
2314,5,livingroom_102.jpg
2315,5,livingroom_103.jpg
2316,5,livingroom_104.jpg
2317,5,livingroom_105.jpg
2318,5,livingroom_106.jpg
2319,5,livingroom_107.jpg
2320,5,livingroom_108.jpg
2321,5,livingroom_109.jpg
2322,5,livingroom_110.jpg
2323,5,livingroom_111.jpg
2324,5,livingroom_112.jpg
2325,5,livingroom_113.jpg
2326,5,livingroom_114.jpg
2327,5,livingroom_115.jpg
2328,5,livingroom_116.jpg
2329,5,livingroom_117.jpg
2330,5,livingroom_118.jpg
2331,5,livingroom_119.jpg
2332,5,livingroom_120.jpg
2333,5,livingroom_121.jpg
2334,5,livingroom_122.jpg
2335,5,livingroom_123.jpg
2336,5,livingroom_124.jpg
2337,5,livingroom_125.jpg
2338,5,livingroom_126.jpg
2339,5,livingroom_127.jpg
2340,5,livingroom_128.jpg
2341,5,livingroom_129.jpg
2342,5,livingroom_130.jpg
2343,5,livingroom_131.jpg
2344,5,livingroom_132.jpg
2345,5,livingroom_133.jpg
2346,5,livingroom_134.jpg
2347,5,livingroom_135.jpg
2348,5,livingroom_136.jpg
2349,5,livingroom_137.jpg
2350,5,livingroom_138.jpg
2351,5,livingroom_139.jpg
2352,5,livingroom_140.jpg
2353,5,livingroom_141.jpg
2354,5,livingroom_142.jpg
2355,5,livingroom_143.jpg
2356,5,livingroom_144.jpg
2357,5,livingroom_145.jpg
2358,5,livingroom_146.jpg
2359,5,livingroom_147.jpg
2360,5,livingroom_148.jpg
2361,5,livingroom_149.jpg
2362,5,livingroom_150.jpg
2363,5,livingroom_151.jpg
2364,5,livingroom_152.jpg
2365,5,livingroom_153.jpg
2366,5,livingroom_154.jpg
2367,5,livingroom_155.jpg
2368,5,livingroom_156.jpg
2369,5,livingroom_157.jpg
2370,5,livingroom_158.jpg
2371,5,livingroom_159.jpg
2372,5,livingroom_160.jpg
2373,5,livingroom_161.jpg
2374,5,livingroom_162.jpg
2375,5,livingroom_163.jpg
2376,5,livingroom_164.jpg
2377,5,livingroom_165.jpg
2378,5,livingroom_166.jpg
2379,5,livingroom_167.jpg
2380,5,livingroom_168.jpg
2381,5,livingroom_169.jpg
2382,5,livingroom_170.jpg
2383,5,livingroom_171.jpg
2384,5,livingroom_172.jpg
2385,5,livingroom_173.jpg
2386,5,livingroom_174.jpg
2387,5,livingroom_175.jpg
2388,5,livingroom_176.jpg
2389,5,livingroom_177.jpg
2390,5,livingroom_178.jpg
2391,5,livingroom_179.jpg
2392,5,livingroom_180.jpg
2393,5,livingroom_181.jpg
2394,5,livingroom_182.jpg
2395,5,livingroom_183.jpg
2396,5,livingroom_184.jpg
2397,5,livingroom_185.jpg
2398,5,livingroom_186.jpg
2399,5,livingroom_187.jpg
2400,5,livingroom_188.jpg
2401,5,livingroom_189.jpg
2402,5,livingroom_190.jpg
2403,5,livingroom_191.jpg
2404,5,livingroom_192.jpg
2405,5,livingroom_193.jpg
2406,5,livingroom_194.jpg
2407,5,livingroom_195.jpg
2408,5,livingroom_196.jpg
2409,5,livingroom_197.jpg
2410,5,livingroom_198.jpg
2411,5,livingroom_199.jpg
2412,5,livingroom_200.jpg
2413,5,livingroom_201.jpg
2414,5,livingroom_202.jpg
2415,5,livingroom_203.jpg
2416,5,livingroom_204.jpg
2417,5,livingroom_205.jpg
2418,5,livingroom_206.jpg
2419,5,livingroom_207.jpg
2420,5,livingroom_208.jpg
2421,5,livingroom_209.jpg
2422,5,livingroom_210.jpg
2423,5,livingroom_211.jpg
2424,5,livingroom_212.jpg
2425,5,livingroom_213.jpg
2426,5,livingroom_214.jpg
2427,5,livingroom_215.jpg
2428,5,livingroom_216.jpg
2429,5,livingroom_217.jpg
2430,5,livingroom_218.jpg
2431,5,livingroom_219.jpg
2432,5,livingroom_220.jpg
2433,5,livingroom_221.jpg
2434,5,livingroom_222.jpg
2435,5,livingroom_223.jpg
2436,5,livingroom_224.jpg
2437,5,livingroom_225.jpg
2438,5,livingroom_226.jpg
2439,5,livingroom_227.jpg
2440,5,livingroom_228.jpg
2441,5,livingroom_229.jpg
2442,5,livingroom_230.jpg
2443,5,livingroom_231.jpg
2444,5,livingroom_232.jpg
2445,5,livingroom_233.jpg
2446,5,livingroom_234.jpg
2447,5,livingroom_235.jpg
2448,5,livingroom_236.jpg
2449,5,livingroom_237.jpg
2450,5,livingroom_238.jpg
2451,5,livingroom_239.jpg
2452,5,livingroom_240.jpg
2453,5,livingroom_241.jpg
2454,5,livingroom_242.jpg
2455,5,livingroom_243.jpg
2456,5,livingroom_244.jpg
2457,5,livingroom_245.jpg
2458,5,livingroom_246.jpg
2459,5,livingroom_247.jpg
2460,5,livingroom_248.jpg
2461,5,livingroom_249.jpg
2462,5,livingroom_250.jpg
2463,5,livingroom_251.jpg
2464,5,livingroom_252.jpg
2465,5,livingroom_253.jpg
2466,5,livingroom_254.jpg
2467,5,livingroom_255.jpg
2468,5,livingroom_256.jpg
2469,5,livingroom_257.jpg
2470,5,livingroom_258.jpg
2471,5,livingroom_259.jpg
2472,5,livingroom_260.jpg
2473,5,livingroom_261.jpg
2474,5,livingroom_262.jpg
2475,5,livingroom_263.jpg
2476,5,livingroom_264.jpg
2477,5,livingroom_265.jpg
2478,5,livingroom_266.jpg
2479,5,livingroom_267.jpg
2480,5,livingroom_268.jpg
2481,5,livingroom_269.jpg
2482,5,livingroom_270.jpg
2483,5,livingroom_271.jpg
2484,5,livingroom_272.jpg
2485,5,livingroom_273.jpg
2486,5,livingroom_274.jpg
2487,5,livingroom_275.jpg
2488,5,livingroom_276.jpg
2489,5,livingroom_277.jpg
2490,5,livingroom_278.jpg
2491,5,livingroom_279.jpg
2492,5,livingroom_280.jpg
2493,5,livingroom_281.jpg
2494,5,livingroom_282.jpg
2495,5,livingroom_283.jpg
2496,5,livingroom_284.jpg
2497,5,livingroom_285.jpg
2498,5,livingroom_286.jpg
2499,5,livingroom_287.jpg
2500,5,livingroom_288.jpg
2501,5,livingroom_289.jpg
2502,5,livingroom_290.jpg
2503,5,livingroom_291.jpg
2504,5,livingroom_292.jpg
2505,5,livingroom_293.jpg
2506,5,livingroom_294.jpg
2507,5,livingroom_295.jpg
2508,5,livingroom_296.jpg
2509,5,livingroom_297.jpg
2510,5,livingroom_298.jpg
2511,5,livingroom_299.jpg
2512,5,livingroom_300.jpg
2513,5,livingroom_301.jpg
2514,5,livingroom_302.jpg
2515,5,livingroom_303.jpg
2516,5,livingroom_304.jpg
2517,5,livingroom_305.jpg
2518,5,livingroom_306.jpg
2519,5,livingroom_307.jpg
2520,5,livingroom_308.jpg
2521,5,livingroom_309.jpg
2522,5,livingroom_310.jpg
2523,5,livingroom_311.jpg
2524,5,livingroom_312.jpg
2525,5,livingroom_313.jpg
2526,5,livingroom_314.jpg
2527,5,livingroom_315.jpg
2528,5,livingroom_316.jpg
2529,5,livingroom_317.jpg
2530,5,livingroom_318.jpg
2531,5,livingroom_319.jpg
2532,5,livingroom_320.jpg
2533,5,livingroom_321.jpg
2534,5,livingroom_322.jpg
2535,5,livingroom_323.jpg
2536,5,livingroom_324.jpg
2537,5,livingroom_325.jpg
2538,5,livingroom_326.jpg
2539,5,livingroom_327.jpg
2540,5,livingroom_328.jpg
2541,5,livingroom_329.jpg
2542,5,livingroom_330.jpg
2543,5,livingroom_331.jpg
2544,5,livingroom_332.jpg
2545,5,livingroom_333.jpg
2546,5,livingroom_334.jpg
2547,5,livingroom_335.jpg
2548,5,livingroom_336.jpg
2549,5,livingroom_337.jpg
2550,5,livingroom_338.jpg
2551,5,livingroom_339.jpg
2552,5,livingroom_340.jpg
2553,5,livingroom_341.jpg
2554,5,livingroom_342.jpg
2555,5,livingroom_343.jpg
2556,5,livingroom_344.jpg
2557,5,livingroom_345.jpg
2558,5,livingroom_346.jpg
2559,5,livingroom_347.jpg
2560,5,livingroom_348.jpg
2561,5,livingroom_349.jpg
2562,5,livingroom_350.jpg
2563,5,livingroom_351.jpg
2564,5,livingroom_352.jpg
2565,5,livingroom_353.jpg
2566,5,livingroom_354.jpg
2567,5,livingroom_355.jpg
2568,5,livingroom_356.jpg
2569,5,livingroom_357.jpg
2570,5,livingroom_358.jpg
2571,5,livingroom_359.jpg
2572,5,livingroom_360.jpg
2573,5,livingroom_361.jpg
2574,5,livingroom_362.jpg
2575,5,livingroom_363.jpg
2576,5,livingroom_364.jpg
2577,5,livingroom_365.jpg
2578,5,livingroom_366.jpg
2579,5,livingroom_367.jpg
2580,5,livingroom_368.jpg
2581,5,livingroom_369.jpg
2582,5,livingroom_370.jpg
2583,5,livingroom_371.jpg
2584,5,livingroom_372.jpg
2585,5,livingroom_373.jpg
2586,5,livingroom_374.jpg
2587,5,livingroom_375.jpg
2588,5,livingroom_376.jpg
2589,5,livingroom_377.jpg
2590,5,livingroom_378.jpg
2591,5,livingroom_379.jpg
2592,5,livingroom_380.jpg
2593,5,livingroom_381.jpg
2594,5,livingroom_382.jpg
2595,5,livingroom_383.jpg
2596,5,livingroom_384.jpg
2597,5,livingroom_385.jpg
2598,5,livingroom_386.jpg
2599,5,livingroom_387.jpg
2600,5,livingroom_388.jpg
2601,5,livingroom_389.jpg
2602,5,livingroom_390.jpg
2603,5,livingroom_391.jpg
2604,5,livingroom_392.jpg
2605,5,livingroom_393.jpg
2606,5,livingroom_394.jpg
2607,5,livingroom_395.jpg
2608,5,livingroom_396.jpg
2609,5,livingroom_397.jpg
2610,5,livingroom_398.jpg
2611,5,livingroom_399.jpg
2612,5,livingroom_400.jpg
2613,5,livingroom_401.jpg
2614,5,livingroom_402.jpg
2615,5,livingroom_403.jpg
2616,5,livingroom_404.jpg
2617,5,livingroom_405.jpg
2618,5,livingroom_406.jpg
2619,5,livingroom_407.jpg
2620,5,livingroom_408.jpg
2621,5,livingroom_409.jpg
2622,5,livingroom_410.jpg
2623,5,livingroom_411.jpg
2624,5,livingroom_412.jpg
2625,5,livingroom_413.jpg
2626,5,livingroom_414.jpg
2627,5,livingroom_415.jpg
2628,5,livingroom_416.jpg
2629,5,livingroom_417.jpg
2630,5,livingroom_418.jpg
2631,5,livingroom_419.jpg
2632,5,livingroom_420.jpg
2633,5,livingroom_421.jpg
2634,5,livingroom_422.jpg
2635,5,livingroom_423.jpg
2636,5,livingroom_424.jpg
2637,5,livingroom_425.jpg
2638,5,livingroom_426.jpg
2639,5,livingroom_427.jpg
2640,5,livingroom_428.jpg
2641,5,livingroom_429.jpg
2642,5,livingroom_430.jpg
2643,5,livingroom_431.jpg
2644,5,livingroom_432.jpg
2645,5,livingroom_433.jpg
2646,5,livingroom_434.jpg
2647,5,livingroom_435.jpg
2648,5,livingroom_436.jpg
2649,5,livingroom_437.jpg
2650,5,livingroom_438.jpg
2651,5,livingroom_439.jpg
2652,5,livingroom_440.jpg
2653,5,livingroom_441.jpg
2654,5,livingroom_442.jpg
2655,5,livingroom_443.jpg
2656,5,livingroom_444.jpg
2657,5,livingroom_445.jpg
2658,5,livingroom_446.jpg
2659,5,livingroom_447.jpg
2660,5,livingroom_448.jpg
2661,5,livingroom_449.jpg
2662,5,livingroom_450.jpg
2663,5,livingroom_451.jpg
2664,5,livingroom_452.jpg
2665,5,livingroom_453.jpg
2666,5,livingroom_454.jpg
2667,5,livingroom_455.jpg
2668,5,livingroom_456.jpg
2669,5,livingroom_457.jpg
2670,5,livingroom_458.jpg
2671,5,livingroom_459.jpg
2672,5,livingroom_460.jpg
2673,5,livingroom_461.jpg
2674,5,livingroom_462.jpg
2675,5,livingroom_463.jpg
2676,5,livingroom_464.jpg
2677,5,livingroom_465.jpg
2678,5,livingroom_466.jpg
2679,5,livingroom_467.jpg
2680,5,livingroom_468.jpg
2681,5,livingroom_469.jpg
2682,5,livingroom_470.jpg
2683,5,livingroom_471.jpg
2684,5,livingroom_472.jpg
2685,5,livingroom_473.jpg
2686,5,livingroom_474.jpg
2687,5,livingroom_475.jpg
2688,5,livingroom_476.jpg
2689,5,livingroom_477.jpg
2690,5,livingroom_478.jpg
2691,5,livingroom_479.jpg
2692,5,livingroom_480.jpg
2693,5,livingroom_481.jpg
2694,5,livingroom_482.jpg
2695,5,livingroom_483.jpg
2696,5,livingroom_484.jpg
2697,5,livingroom_485.jpg
2698,5,livingroom_486.jpg
2699,5,livingroom_487.jpg
2700,5,livingroom_488.jpg
2701,5,livingroom_489.jpg
2702,5,livingroom_490.jpg
2703,5,livingroom_491.jpg
2704,5,livingroom_492.jpg
2705,5,livingroom_493.jpg
2706,5,livingroom_494.jpg
2707,5,livingroom_495.jpg
2708,5,livingroom_496.jpg
2709,5,livingroom_497.jpg
2710,5,livingroom_498.jpg
2711,5,livingroom_499.jpg
2712,5,livingroom_500.jpg
2713,5,livingroom_501.jpg
2714,5,livingroom_502.jpg
2715,5,livingroom_503.jpg
2716,5,livingroom_504.jpg
2717,5,livingroom_505.jpg
2718,5,livingroom_506.jpg
2719,5,livingroom_507.jpg
2720,5,livingroom_508.jpg
2721,5,livingroom_509.jpg
2722,5,livingroom_510.jpg
2723,5,livingroom_511.jpg
2724,5,livingroom_512.jpg
2725,5,livingroom_513.jpg
2726,5,livingroom_514.jpg
2727,5,livingroom_515.jpg
2728,5,livingroom_516.jpg
2729,5,livingroom_517.jpg
2730,5,livingroom_518.jpg
2731,5,livingroom_519.jpg
2732,5,livingroom_520.jpg
2733,5,livingroom_521.jpg
2734,5,livingroom_522.jpg
2735,5,livingroom_523.jpg
2736,5,livingroom_524.jpg
2737,5,livingroom_525.jpg
2738,5,livingroom_526.jpg
2739,5,livingroom_527.jpg
2740,5,livingroom_528.jpg
2741,5,livingroom_529.jpg
2742,5,livingroom_530.jpg
2743,5,livingroom_531.jpg
2744,5,livingroom_532.jpg
2745,5,livingroom_533.jpg
2746,5,livingroom_534.jpg
2747,5,livingroom_535.jpg
2748,5,livingroom_536.jpg
2749,5,livingroom_537.jpg
2750,5,livingroom_538.jpg
2751,5,livingroom_539.jpg
2752,5,livingroom_540.jpg
2753,5,livingroom_541.jpg
2754,5,livingroom_542.jpg
2755,5,livingroom_543.jpg
2756,5,livingroom_544.jpg
2757,5,livingroom_545.jpg
2758,5,livingroom_546.jpg
2759,5,livingroom_547.jpg
2760,5,livingroom_548.jpg
2761,5,livingroom_549.jpg
2762,5,livingroom_550.jpg
2763,5,livingroom_551.jpg
2764,5,livingroom_552.jpg
2765,5,livingroom_553.jpg
2766,5,livingroom_554.jpg
2767,5,livingroom_555.jpg
2768,5,livingroom_556.jpg
2769,5,livingroom_557.jpg
2770,5,livingroom_558.jpg
2771,5,livingroom_559.jpg
2772,5,livingroom_560.jpg
2773,5,livingroom_561.jpg
2774,5,livingroom_562.jpg
2775,5,livingroom_563.jpg
2776,5,livingroom_564.jpg
2777,5,livingroom_565.jpg
2778,5,livingroom_566.jpg
2779,5,livingroom_567.jpg
2780,5,livingroom_568.jpg
2781,5,livingroom_569.jpg
2782,5,livingroom_570.jpg
2783,5,livingroom_571.jpg
2784,5,livingroom_572.jpg
2785,5,livingroom_573.jpg
2786,5,livingroom_574.jpg
2787,5,livingroom_575.jpg
2788,5,livingroom_576.jpg
2789,5,livingroom_577.jpg
2790,5,livingroom_578.jpg
2791,5,livingroom_579.jpg
2792,5,livingroom_580.jpg
2793,5,livingroom_581.jpg
2794,5,livingroom_582.jpg
2795,5,livingroom_583.jpg
2796,5,livingroom_584.jpg
2797,5,livingroom_585.jpg
2798,5,livingroom_586.jpg
2799,5,livingroom_587.jpg
2800,5,livingroom_588.jpg
2801,5,livingroom_589.jpg
2802,5,livingroom_590.jpg
2803,5,livingroom_591.jpg
2804,5,livingroom_592.jpg
2805,5,livingroom_593.jpg
2806,5,livingroom_594.jpg
2807,5,livingroom_595.jpg
2808,5,livingroom_596.jpg
2809,5,livingroom_597.jpg
2810,5,livingroom_598.jpg
2811,5,livingroom_599.jpg
2812,5,livingroom_600.jpg
2813,5,livingroom_601.jpg
2814,5,livingroom_602.jpg
2815,5,livingroom_603.jpg
2816,5,livingroom_604.jpg
2817,5,livingroom_605.jpg
2818,5,livingroom_606.jpg
2819,5,livingroom_607.jpg
2820,5,livingroom_608.jpg
2821,5,livingroom_609.jpg
2822,5,livingroom_610.jpg
2823,5,livingroom_611.jpg
2824,5,livingroom_612.jpg
2825,5,livingroom_613.jpg
2826,5,livingroom_614.jpg
2827,5,livingroom_615.jpg
2828,5,livingroom_616.jpg
2829,5,livingroom_617.jpg
2830,5,livingroom_618.jpg
2831,5,livingroom_619.jpg
2832,5,livingroom_620.jpg
2833,5,livingroom_621.jpg
2834,5,livingroom_622.jpg
2835,5,livingroom_623.jpg
2836,5,livingroom_624.jpg
2837,5,livingroom_625.jpg
2838,5,livingroom_626.jpg
2839,5,livingroom_627.jpg
2840,5,livingroom_628.jpg
2841,5,livingroom_629.jpg
2842,5,livingroom_630.jpg
2843,5,livingroom_631.jpg
2844,5,livingroom_632.jpg
2845,5,livingroom_633.jpg
2846,5,livingroom_634.jpg
2847,5,livingroom_635.jpg
2848,5,livingroom_636.jpg
2849,5,livingroom_637.jpg
2850,5,livingroom_638.jpg
2851,5,livingroom_639.jpg
2852,5,livingroom_640.jpg
2853,5,livingroom_641.jpg
2854,5,livingroom_642.jpg
2855,5,livingroom_643.jpg
2856,5,livingroom_644.jpg
2857,5,livingroom_645.jpg
2858,5,livingroom_646.jpg
2859,5,livingroom_647.jpg
2860,5,livingroom_648.jpg
2861,5,livingroom_649.jpg
2862,5,livingroom_650.jpg
2863,5,livingroom_651.jpg
2864,5,livingroom_652.jpg
2865,5,livingroom_653.jpg
2866,5,livingroom_654.jpg
2867,5,livingroom_655.jpg
2868,5,livingroom_656.jpg
2869,5,livingroom_657.jpg
2870,5,livingroom_658.jpg
2871,5,livingroom_659.jpg
2872,5,livingroom_660.jpg
2873,5,livingroom_661.jpg
2874,5,livingroom_662.jpg
2875,5,livingroom_663.jpg
2876,5,livingroom_664.jpg
2877,5,livingroom_665.jpg
2878,5,livingroom_666.jpg
2879,5,livingroom_667.jpg
2880,5,livingroom_668.jpg
2881,5,livingroom_669.jpg
2882,5,livingroom_670.jpg
2883,5,livingroom_671.jpg
2884,5,livingroom_672.jpg
2885,5,livingroom_673.jpg
2886,5,livingroom_674.jpg
2887,5,livingroom_675.jpg
2888,5,livingroom_676.jpg
2889,5,livingroom_677.jpg
2890,5,livingroom_678.jpg
2891,5,livingroom_679.jpg
2892,5,livingroom_680.jpg
2893,5,livingroom_681.jpg
2894,5,livingroom_682.jpg
2895,5,livingroom_683.jpg
2896,5,livingroom_684.jpg
2897,5,livingroom_685.jpg
2898,5,livingroom_686.jpg
2899,5,livingroom_687.jpg
2900,5,livingroom_688.jpg
2901,5,livingroom_689.jpg
2902,5,livingroom_690.jpg
2903,5,livingroom_691.jpg
2904,5,livingroom_692.jpg
2905,5,livingroom_693.jpg
2906,5,livingroom_694.jpg
2907,5,livingroom_695.jpg
2908,5,livingroom_696.jpg
2909,5,livingroom_697.jpg
2910,5,livingroom_698.jpg
2911,5,livingroom_699.jpg
2912,5,livingroom_700.jpg
2913,5,livingroom_701.jpg
2914,5,livingroom_702.jpg
2915,5,livingroom_703.jpg
2916,5,livingroom_704.jpg
2917,5,livingroom_705.jpg
2918,5,livingroom_706.jpg
2919,6,office_1.jpg
2920,6,office_2.jpg
2921,6,office_3.jpg
2922,6,office_4.jpg
2923,6,office_5.jpg
2924,6,office_6.jpg
2925,6,office_7.jpg
2926,6,office_8.jpg
2927,6,office_9.jpg
2928,6,office_10.jpg
2929,6,office_11.jpg
2930,6,office_12.jpg
2931,6,office_13.jpg
2932,6,office_14.jpg
2933,6,office_15.jpg
2934,6,office_16.jpg
2935,6,office_17.jpg
2936,6,office_18.jpg
2937,6,office_19.jpg
2938,6,office_20.jpg
2939,6,office_21.jpg
2940,6,office_22.jpg
2941,6,office_23.jpg
2942,6,office_24.jpg
2943,6,office_25.jpg
2944,6,office_26.jpg
2945,6,office_27.jpg
2946,6,office_28.jpg
2947,6,office_29.jpg
2948,6,office_30.jpg
2949,6,office_31.jpg
2950,6,office_32.jpg
2951,6,office_33.jpg
2952,6,office_34.jpg
2953,6,office_35.jpg
2954,6,office_36.jpg
2955,6,office_37.jpg
2956,6,office_38.jpg
2957,6,office_39.jpg
2958,6,office_40.jpg
2959,6,office_41.jpg
2960,6,office_42.jpg
2961,6,office_43.jpg
2962,6,office_44.jpg
2963,6,office_45.jpg
2964,6,office_46.jpg
2965,6,office_47.jpg
2966,6,office_48.jpg
2967,6,office_49.jpg
2968,6,office_50.jpg
2969,6,office_51.jpg
2970,6,office_52.jpg
2971,6,office_53.jpg
2972,6,office_54.jpg
2973,6,office_55.jpg
2974,6,office_56.jpg
2975,6,office_57.jpg
2976,6,office_58.jpg
2977,6,office_59.jpg
2978,6,office_60.jpg
2979,6,office_61.jpg
2980,6,office_62.jpg
2981,6,office_63.jpg
2982,6,office_64.jpg
2983,6,office_65.jpg
2984,6,office_66.jpg
2985,6,office_67.jpg
2986,6,office_68.jpg
2987,6,office_69.jpg
2988,6,office_70.jpg
2989,6,office_71.jpg
2990,6,office_72.jpg
2991,6,office_73.jpg
2992,6,office_74.jpg
2993,6,office_75.jpg
2994,6,office_76.jpg
2995,6,office_77.jpg
2996,6,office_78.jpg
2997,6,office_79.jpg
2998,6,office_80.jpg
2999,6,office_81.jpg
3000,6,office_82.jpg
3001,6,office_83.jpg
3002,6,office_84.jpg
3003,6,office_85.jpg
3004,6,office_86.jpg
3005,6,office_87.jpg
3006,6,office_88.jpg
3007,6,office_89.jpg
3008,6,office_90.jpg
3009,6,office_91.jpg
3010,6,office_92.jpg
3011,6,office_93.jpg
3012,6,office_94.jpg
3013,6,office_95.jpg
3014,6,office_96.jpg
3015,6,office_97.jpg
3016,6,office_98.jpg
3017,6,office_99.jpg
3018,6,office_100.jpg
3019,6,office_101.jpg
3020,6,office_102.jpg
3021,6,office_103.jpg
3022,6,office_104.jpg
3023,6,office_105.jpg
3024,6,office_106.jpg
3025,6,office_107.jpg
3026,6,office_108.jpg
3027,6,office_109.jpg
